date,close,curr_ratio,tot_debt_tot_equity,oper_profit_margin,asset_turn,ret_equity,sentiment
03-11-2017,20.14,1.848,1.7645,11.3167,0.0832,1.9781,3
02-11-2017,19.94,1.848,1.7645,11.3167,0.0832,1.9781,3
01-11-2017,20.02,1.848,1.7645,11.3167,0.0832,1.9781,3
31-10-2017,20.16,1.848,1.7645,11.3167,0.0832,1.9781,3
30-10-2017,20.41,1.848,1.7645,11.3167,0.0832,1.9781,3
27-10-2017,20.79,1.848,1.7645,11.3167,0.0832,1.9781,1
26-10-2017,21.32,1.848,1.7645,11.3167,0.0832,1.9781,1
25-10-2017,21.5,1.848,1.7645,11.3167,0.0832,1.9781,1
24-10-2017,21.89,1.848,1.7645,11.3167,0.0832,1.9781,1
23-10-2017,22.32,1.848,1.7645,11.3167,0.0832,1.9781,1
20-10-2017,23.83,1.848,1.7645,11.3167,0.0832,1.9781,2
19-10-2017,23.58,1.848,1.7645,11.3167,0.0832,1.9781,1
18-10-2017,23.12,1.848,1.7645,11.3167,0.0832,1.9781,3
17-10-2017,23.19,1.848,1.7645,11.3167,0.0832,1.9781,3
16-10-2017,23.36,1.848,1.7645,11.3167,0.0832,1.9781,2
13-10-2017,22.98,1.848,1.7645,11.3167,0.0832,1.9781,2
12-10-2017,23.05,1.848,1.7645,11.3167,0.0832,1.9781,2
11-10-2017,23.07,1.848,1.7645,11.3167,0.0832,1.9781,2
10-10-2017,23.36,1.848,1.7645,11.3167,0.0832,1.9781,2
09-10-2017,23.43,1.848,1.7645,11.3167,0.0832,1.9781,2
06-10-2017,24.39,1.848,1.7645,11.3167,0.0832,1.9781,2
05-10-2017,24.54,1.848,1.7645,11.3167,0.0832,1.9781,2
04-10-2017,24.48,1.848,1.7645,11.3167,0.0832,1.9781,2
03-10-2017,24.8,1.848,1.7645,11.3167,0.0832,1.9781,2
02-10-2017,24.57,1.848,1.7645,11.3167,0.0832,1.9781,3
29-09-2017,24.18,1.848,1.7645,11.3167,0.0832,1.9781,3
28-09-2017,24.24,1.848,1.7645,11.3167,0.0832,1.9781,3
27-09-2017,24.37,1.848,1.7645,11.3167,0.0832,1.9781,3
26-09-2017,24.93,1.848,1.7645,11.3167,0.0832,1.9781,3
25-09-2017,25.11,1.848,1.7645,11.3167,0.0832,1.9781,3
22-09-2017,24.87,1.848,1.7645,11.3167,0.0832,1.9781,3
21-09-2017,24.75,1.848,1.7645,11.3167,0.0832,1.9781,3
20-09-2017,24.32,1.848,1.7645,11.3167,0.0832,1.9781,3
19-09-2017,24.2,1.848,1.7645,11.3167,0.0832,1.9781,3
18-09-2017,24.46,1.848,1.7645,11.3167,0.0832,1.9781,2
15-09-2017,23.93,1.848,1.7645,11.3167,0.0832,1.9781,3
14-09-2017,24.26,1.848,1.7645,11.3167,0.0832,1.9781,3
13-09-2017,24.11,1.848,1.7645,11.3167,0.0832,1.9781,3
12-09-2017,23.91,1.848,1.7645,11.3167,0.0832,1.9781,3
11-09-2017,23.72,1.848,1.7645,11.3167,0.0832,1.9781,3
08-09-2017,23.82,1.848,1.7645,11.3167,0.0832,1.9781,3
07-09-2017,24.02,1.848,1.7645,11.3167,0.0832,1.9781,3
06-09-2017,24.92,1.848,1.7645,11.3167,0.0832,1.9781,3
05-09-2017,24.76,1.848,1.7645,11.3167,0.0832,1.9781,3
01-09-2017,25.14,1.848,1.7645,11.3167,0.0832,1.9781,2
31-08-2017,24.55,1.848,1.7645,11.3167,0.0832,1.9781,3
30-08-2017,24.28,1.848,1.7645,11.3167,0.0832,1.9781,3
29-08-2017,24.44,1.848,1.7645,11.3167,0.0832,1.9781,3
28-08-2017,24.47,1.848,1.7645,11.3167,0.0832,1.9781,3
25-08-2017,24.49,1.848,1.7645,11.3167,0.0832,1.9781,3
24-08-2017,24.3,1.848,1.7645,11.3167,0.0832,1.9781,3
23-08-2017,24.39,1.848,1.7645,11.3167,0.0832,1.9781,3
22-08-2017,24.6,1.848,1.7645,11.3167,0.0832,1.9781,3
21-08-2017,24.49,1.848,1.7645,11.3167,0.0832,1.9781,3
18-08-2017,24.55,1.848,1.7645,11.3167,0.0832,1.9781,3
17-08-2017,24.75,1.848,1.7645,11.3167,0.0832,1.9781,3
16-08-2017,25.1,1.848,1.7645,11.3167,0.0832,1.9781,3
15-08-2017,25.14,1.848,1.7645,11.3167,0.0832,1.9781,3
14-08-2017,25.36,1.848,1.7645,11.3167,0.0832,1.9781,3
11-08-2017,25.2,1.848,1.7645,11.3167,0.0832,1.9781,3
10-08-2017,25.3,1.848,1.7645,11.3167,0.0832,1.9781,3
09-08-2017,25.71,1.848,1.7645,11.3167,0.0832,1.9781,3
08-08-2017,25.56,1.848,1.7645,11.3167,0.0832,1.9781,3
07-08-2017,25.63,1.848,1.7645,11.3167,0.0832,1.9781,3
04-08-2017,25.78,1.848,1.7645,11.3167,0.0832,1.9781,3
03-08-2017,25.76,1.848,1.7645,11.3167,0.0832,1.9781,3
02-08-2017,25.52,1.848,1.7645,11.3167,0.0832,1.9781,2
01-08-2017,25.44,1.848,1.7645,11.3167,0.0832,1.9781,3
31-07-2017,25.61,1.848,1.7645,11.3167,0.0832,1.9781,3
28-07-2017,25.53,1.848,1.7645,11.3167,0.0832,1.9781,3
27-07-2017,25.79,1.848,1.7645,11.3167,0.0832,1.9781,3
26-07-2017,25.59,1.848,1.7645,11.3167,0.0832,1.9781,3
25-07-2017,25.44,1.848,1.7645,11.3167,0.0832,1.9781,3
24-07-2017,25.43,1.848,1.7645,11.3167,0.0832,1.9781,3
21-07-2017,25.91,1.848,1.7645,11.3167,0.0832,1.9781,3
20-07-2017,26.69,1.848,1.7645,11.3167,0.0832,1.9781,3
19-07-2017,26.94,1.848,1.7645,11.3167,0.0832,1.9781,3
18-07-2017,26.89,1.848,1.7645,11.3167,0.0832,1.9781,3
17-07-2017,26.82,1.848,1.7645,11.3167,0.0832,1.9781,3
14-07-2017,26.78,1.848,1.7645,11.3167,0.0832,1.9781,3
13-07-2017,26.79,1.848,1.7645,11.3167,0.0832,1.9781,3
12-07-2017,26.58,1.848,1.7645,11.3167,0.0832,1.9781,3
11-07-2017,26.38,1.848,1.7645,11.3167,0.0832,1.9781,3
10-07-2017,26.04,1.848,1.7645,11.3167,0.0832,1.9781,3
07-07-2017,26.15,1.848,1.7645,11.3167,0.0832,1.9781,3
06-07-2017,26.31,1.848,1.7645,11.3167,0.0832,1.9781,3
05-07-2017,27.35,1.848,1.7645,11.3167,0.0832,1.9781,3
03-07-2017,27.45,1.848,1.7645,11.3167,0.0832,1.9781,3
30-06-2017,27.01,1.8755,1.6804,9.4179,0.0787,1.0713,3
29-06-2017,27.02,1.8755,1.6804,9.4179,0.0787,1.0713,3
28-06-2017,27.08,1.8755,1.6804,9.4179,0.0787,1.0713,3
27-06-2017,27.21,1.8755,1.6804,9.4179,0.0787,1.0713,3
26-06-2017,27.61,1.8755,1.6804,9.4179,0.0787,1.0713,3
23-06-2017,27.57,1.8755,1.6804,9.4179,0.0787,1.0713,3
22-06-2017,27.55,1.8755,1.6804,9.4179,0.0787,1.0713,3
21-06-2017,27.78,1.8755,1.6804,9.4179,0.0787,1.0713,3
20-06-2017,28.13,1.8755,1.6804,9.4179,0.0787,1.0713,3
19-06-2017,28.8,1.8755,1.6804,9.4179,0.0787,1.0713,3
16-06-2017,29,1.8755,1.6804,9.4179,0.0787,1.0713,3
15-06-2017,28.94,1.8755,1.6804,9.4179,0.0787,1.0713,2
14-06-2017,28.69,1.8755,1.6804,9.4179,0.0787,1.0713,3
13-06-2017,28.45,1.8755,1.6804,9.4179,0.0787,1.0713,3
12-06-2017,28.94,1.8755,1.6804,9.4179,0.0787,1.0713,3
09-06-2017,27.94,1.8755,1.6804,9.4179,0.0787,1.0713,3
08-06-2017,27.59,1.8755,1.6804,9.4179,0.0787,1.0713,3
07-06-2017,27.68,1.8755,1.6804,9.4179,0.0787,1.0713,3
06-06-2017,27.93,1.8755,1.6804,9.4179,0.0787,1.0713,3
05-06-2017,27.98,1.8755,1.6804,9.4179,0.0787,1.0713,3
02-06-2017,27.88,1.8755,1.6804,9.4179,0.0787,1.0713,3
01-06-2017,27.72,1.8755,1.6804,9.4179,0.0787,1.0713,3
31-05-2017,27.38,1.8755,1.6804,9.4179,0.0787,1.0713,2
30-05-2017,27.36,1.8755,1.6804,9.4179,0.0787,1.0713,3
26-05-2017,27.45,1.8755,1.6804,9.4179,0.0787,1.0713,3
25-05-2017,27.49,1.8755,1.6804,9.4179,0.0787,1.0713,3
24-05-2017,27.83,1.8755,1.6804,9.4179,0.0787,1.0713,3
23-05-2017,28.28,1.8755,1.6804,9.4179,0.0787,1.0713,3
22-05-2017,28.18,1.8755,1.6804,9.4179,0.0787,1.0713,3
19-05-2017,28.05,1.8755,1.6804,9.4179,0.0787,1.0713,3
18-05-2017,27.48,1.8755,1.6804,9.4179,0.0787,1.0713,3
17-05-2017,27.41,1.8755,1.6804,9.4179,0.0787,1.0713,3
16-05-2017,28.04,1.8755,1.6804,9.4179,0.0787,1.0713,3
15-05-2017,28.18,1.8755,1.6804,9.4179,0.0787,1.0713,3
12-05-2017,28.27,1.8755,1.6804,9.4179,0.0787,1.0713,3
11-05-2017,28.87,1.8755,1.6804,9.4179,0.0787,1.0713,3
10-05-2017,28.7,1.8755,1.6804,9.4179,0.0787,1.0713,3
09-05-2017,28.93,1.8755,1.6804,9.4179,0.0787,1.0713,3
08-05-2017,29.07,1.8755,1.6804,9.4179,0.0787,1.0713,3
05-05-2017,29.22,1.8755,1.6804,9.4179,0.0787,1.0713,4
04-05-2017,29.2,1.8755,1.6804,9.4179,0.0787,1.0713,3
03-05-2017,29.23,1.8755,1.6804,9.4179,0.0787,1.0713,3
02-05-2017,28.99,1.8755,1.6804,9.4179,0.0787,1.0713,3
01-05-2017,28.94,1.8755,1.6804,9.4179,0.0787,1.0713,3
28-04-2017,28.99,1.8755,1.6804,9.4179,0.0787,1.0713,3
27-04-2017,29.08,1.8755,1.6804,9.4179,0.0787,1.0713,3
26-04-2017,29.26,1.8755,1.6804,9.4179,0.0787,1.0713,3
25-04-2017,29.45,1.8755,1.6804,9.4179,0.0787,1.0713,3
24-04-2017,29.55,1.8755,1.6804,9.4179,0.0787,1.0713,3
21-04-2017,29.55,1.8755,1.6804,9.4179,0.0787,1.0713,3
20-04-2017,30.27,1.8755,1.6804,9.4179,0.0787,1.0713,3
19-04-2017,30,1.8755,1.6804,9.4179,0.0787,1.0713,3
18-04-2017,29.84,1.8755,1.6804,9.4179,0.0787,1.0713,3
17-04-2017,29.64,1.8755,1.6804,9.4179,0.0787,1.0713,3
13-04-2017,29.56,1.8755,1.6804,9.4179,0.0787,1.0713,3
12-04-2017,29.77,1.8755,1.6804,9.4179,0.0787,1.0713,3
11-04-2017,30.04,1.8755,1.6804,9.4179,0.0787,1.0713,3
10-04-2017,30.01,1.8755,1.6804,9.4179,0.0787,1.0713,3
07-04-2017,29.99,1.8755,1.6804,9.4179,0.0787,1.0713,3
06-04-2017,29.93,1.8755,1.6804,9.4179,0.0787,1.0713,3
05-04-2017,29.97,1.8755,1.6804,9.4179,0.0787,1.0713,3
04-04-2017,30.02,1.8755,1.6804,9.4179,0.0787,1.0713,3
03-04-2017,29.88,1.8755,1.6804,9.4179,0.0787,1.0713,3
31-03-2017,29.8,1.9252,1.7524,13.8721,0.0906,4.7236,3
30-03-2017,29.87,1.9252,1.7524,13.8721,0.0906,4.7236,3
29-03-2017,29.68,1.9252,1.7524,13.8721,0.0906,4.7236,3
28-03-2017,29.62,1.9252,1.7524,13.8721,0.0906,4.7236,3
27-03-2017,29.44,1.9252,1.7524,13.8721,0.0906,4.7236,3
24-03-2017,29.72,1.9252,1.7524,13.8721,0.0906,4.7236,3
23-03-2017,29.62,1.9252,1.7524,13.8721,0.0906,4.7236,3
22-03-2017,29.53,1.9252,1.7524,13.8721,0.0906,4.7236,3
21-03-2017,29.39,1.9252,1.7524,13.8721,0.0906,4.7236,3
20-03-2017,29.74,1.9252,1.7524,13.8721,0.0906,4.7236,3
17-03-2017,29.88,1.9252,1.7524,13.8721,0.0906,4.7236,3
16-03-2017,29.75,1.9252,1.7524,13.8721,0.0906,4.7236,3
15-03-2017,29.76,1.9252,1.7524,13.8721,0.0906,4.7236,3
14-03-2017,29.54,1.9252,1.7524,13.8721,0.0906,4.7236,3
13-03-2017,29.86,1.9252,1.7524,13.8721,0.0906,4.7236,3
10-03-2017,30.28,1.9252,1.7524,13.8721,0.0906,4.7236,3
09-03-2017,29.66,1.9252,1.7524,13.8721,0.0906,4.7236,3
08-03-2017,29.8,1.9252,1.7524,13.8721,0.0906,4.7236,3
07-03-2017,29.86,1.9252,1.7524,13.8721,0.0906,4.7236,3
06-03-2017,30,1.9252,1.7524,13.8721,0.0906,4.7236,3
03-03-2017,30.12,1.9252,1.7524,13.8721,0.0906,4.7236,3
02-03-2017,30.19,1.9252,1.7524,13.8721,0.0906,4.7236,3
01-03-2017,30.19,1.9252,1.7524,13.8721,0.0906,4.7236,3
28-02-2017,29.81,1.9252,1.7524,13.8721,0.0906,4.7236,3
27-02-2017,29.94,1.9252,1.7524,13.8721,0.0906,4.7236,3
24-02-2017,30.19,1.9252,1.7524,13.8721,0.0906,4.7236,3
23-02-2017,30.02,1.9252,1.7524,13.8721,0.0906,4.7236,3
22-02-2017,30.33,1.9252,1.7524,13.8721,0.0906,4.7236,3
21-02-2017,30.52,1.9252,1.7524,13.8721,0.0906,4.7236,3
17-02-2017,30.37,1.9252,1.7524,13.8721,0.0906,4.7236,3
16-02-2017,30.45,1.9252,1.7524,13.8721,0.0906,4.7236,3
15-02-2017,30.35,1.9252,1.7524,13.8721,0.0906,4.7236,3
14-02-2017,30.28,1.9252,1.7524,13.8721,0.0906,4.7236,3
13-02-2017,30.04,1.9252,1.7524,13.8721,0.0906,4.7236,3
10-02-2017,29.72,1.9252,1.7524,13.8721,0.0906,4.7236,3
09-02-2017,29.59,1.9252,1.7524,13.8721,0.0906,4.7236,3
08-02-2017,29.43,1.9252,1.7524,13.8721,0.0906,4.7236,3
07-02-2017,29.56,1.9252,1.7524,13.8721,0.0906,4.7236,3
06-02-2017,29.66,1.9252,1.7524,13.8721,0.0906,4.7236,3
03-02-2017,29.7,1.9252,1.7524,13.8721,0.0906,4.7236,3
02-02-2017,29.68,1.9252,1.7524,13.8721,0.0906,4.7236,3
01-02-2017,29.69,1.9252,1.7524,13.8721,0.0906,4.7236,3
31-01-2017,29.7,1.9252,1.7524,13.8721,0.0906,4.7236,3
30-01-2017,29.96,1.9252,1.7524,13.8721,0.0906,4.7236,3
27-01-2017,30.01,1.9252,1.7524,13.8721,0.0906,4.7236,3
26-01-2017,30.32,1.9252,1.7524,13.8721,0.0906,4.7236,3
25-01-2017,30.37,1.9252,1.7524,13.8721,0.0906,4.7236,3
24-01-2017,30,1.9252,1.7524,13.8721,0.0906,4.7236,3
23-01-2017,29.75,1.9252,1.7524,13.8721,0.0906,4.7236,3
20-01-2017,30.53,1.9252,1.7524,13.8721,0.0906,4.7236,3
19-01-2017,31.21,1.9252,1.7524,13.8721,0.0906,4.7236,3
18-01-2017,31.23,1.9252,1.7524,13.8721,0.0906,4.7236,3
17-01-2017,31.27,1.9252,1.7524,13.8721,0.0906,4.7236,3
13-01-2017,31.36,1.9252,1.7524,13.8721,0.0906,4.7236,3
12-01-2017,31.39,1.9252,1.7524,13.8721,0.0906,4.7236,3
11-01-2017,31.47,1.9252,1.7524,13.8721,0.0906,4.7236,3
10-01-2017,31.37,1.9252,1.7524,13.8721,0.0906,4.7236,3
09-01-2017,31.46,1.9252,1.7524,13.8721,0.0906,4.7236,3
06-01-2017,31.61,1.9252,1.7524,13.8721,0.0906,4.7236,3
05-01-2017,31.52,1.9252,1.7524,13.8721,0.0906,4.7236,3
04-01-2017,31.7,1.9252,1.7524,13.8721,0.0906,4.7236,3
03-01-2017,31.69,1.9252,1.7524,13.8721,0.0906,4.7236,3
30-12-2016,31.6,2.0119,1.7626,12.7076,0.0755,2.4611,3
29-12-2016,31.71,2.0119,1.7626,12.7076,0.0755,2.4611,3
28-12-2016,31.7,2.0119,1.7626,12.7076,0.0755,2.4611,3
27-12-2016,31.9,2.0119,1.7626,12.7076,0.0755,2.4611,3
23-12-2016,31.88,2.0119,1.7626,12.7076,0.0755,2.4611,3
22-12-2016,31.82,2.0119,1.7626,12.7076,0.0755,2.4611,3
21-12-2016,32.13,2.0119,1.7626,12.7076,0.0755,2.4611,3
20-12-2016,32.25,2.0119,1.7626,12.7076,0.0755,2.4611,3
19-12-2016,31.92,2.0119,1.7626,12.7076,0.0755,2.4611,3
16-12-2016,31.75,2.0119,1.7626,12.7076,0.0755,2.4611,3
15-12-2016,31.26,2.0119,1.7626,12.7076,0.0755,2.4611,3
14-12-2016,31.5,2.0119,1.7626,12.7076,0.0755,2.4611,2
13-12-2016,31.74,2.0119,1.7626,12.7076,0.0755,2.4611,3
12-12-2016,31.86,2.0119,1.7626,12.7076,0.0755,2.4611,3
09-12-2016,31.78,2.0119,1.7626,12.7076,0.0755,2.4611,3
08-12-2016,31.53,2.0119,1.7626,12.7076,0.0755,2.4611,3
07-12-2016,31.6,2.0119,1.7626,12.7076,0.0755,2.4611,3
06-12-2016,31.17,2.0119,1.7626,12.7076,0.0755,2.4611,3
05-12-2016,31.11,2.0119,1.7626,12.7076,0.0755,2.4611,3
02-12-2016,31.34,2.0119,1.7626,12.7076,0.0755,2.4611,3
01-12-2016,31.39,2.0119,1.7626,12.7076,0.0755,2.4611,3
30-11-2016,30.76,2.0119,1.7626,12.7076,0.0755,2.4611,3
29-11-2016,31.05,2.0119,1.7626,12.7076,0.0755,2.4611,3
28-11-2016,31.25,2.0119,1.7626,12.7076,0.0755,2.4611,3
25-11-2016,31.44,2.0119,1.7626,12.7076,0.0755,2.4611,3
23-11-2016,31.34,2.0119,1.7626,12.7076,0.0755,2.4611,3
22-11-2016,31.18,2.0119,1.7626,12.7076,0.0755,2.4611,3
21-11-2016,30.87,2.0119,1.7626,12.7076,0.0755,2.4611,3
18-11-2016,30.67,2.0119,1.7626,12.7076,0.0755,2.4611,3
17-11-2016,30.79,2.0119,1.7626,12.7076,0.0755,2.4611,3
16-11-2016,30.74,2.0119,1.7626,12.7076,0.0755,2.4611,3
15-11-2016,30.75,2.0119,1.7626,12.7076,0.0755,2.4611,3
14-11-2016,30.51,2.0119,1.7626,12.7076,0.0755,2.4611,3
11-11-2016,30.71,2.0119,1.7626,12.7076,0.0755,2.4611,3
10-11-2016,30.41,2.0119,1.7626,12.7076,0.0755,2.4611,3
09-11-2016,29.63,2.0119,1.7626,12.7076,0.0755,2.4611,3
08-11-2016,29.42,2.0119,1.7626,12.7076,0.0755,2.4611,3
07-11-2016,29.31,2.0119,1.7626,12.7076,0.0755,2.4611,3
04-11-2016,28.44,2.0119,1.7626,12.7076,0.0755,2.4611,3
03-11-2016,28.28,2.0119,1.7626,12.7076,0.0755,2.4611,3
02-11-2016,28.49,2.0119,1.7626,12.7076,0.0755,2.4611,3
01-11-2016,28.88,2.0119,1.7626,12.7076,0.0755,2.4611,3
31-10-2016,29.1,2.0119,1.7626,12.7076,0.0755,2.4611,3
28-10-2016,29.22,2.0119,1.7626,12.7076,0.0755,2.4611,3
27-10-2016,28.63,2.0119,1.7626,12.7076,0.0755,2.4611,3
26-10-2016,28.87,2.0119,1.7626,12.7076,0.0755,2.4611,3
25-10-2016,28.65,2.0119,1.7626,12.7076,0.0755,2.4611,3
24-10-2016,28.92,2.0119,1.7626,12.7076,0.0755,2.4611,3
21-10-2016,28.98,2.0119,1.7626,12.7076,0.0755,2.4611,3
20-10-2016,29.07,2.0119,1.7626,12.7076,0.0755,2.4611,3
19-10-2016,29.06,2.0119,1.7626,12.7076,0.0755,2.4611,3
18-10-2016,28.98,2.0119,1.7626,12.7076,0.0755,2.4611,3
17-10-2016,28.85,2.0119,1.7626,12.7076,0.0755,2.4611,3
14-10-2016,28.89,2.0119,1.7626,12.7076,0.0755,2.4611,3
13-10-2016,28.77,2.0119,1.7626,12.7076,0.0755,2.4611,3
12-10-2016,28.9,2.0119,1.7626,12.7076,0.0755,2.4611,3
11-10-2016,28.92,2.0119,1.7626,12.7076,0.0755,2.4611,3
10-10-2016,28.86,2.0119,1.7626,12.7076,0.0755,2.4611,3
07-10-2016,29.08,2.0119,1.7626,12.7076,0.0755,2.4611,3
06-10-2016,29.27,2.0119,1.7626,12.7076,0.0755,2.4611,4
05-10-2016,29.5,2.0119,1.7626,12.7076,0.0755,2.4611,3
04-10-2016,29.5,2.0119,1.7626,12.7076,0.0755,2.4611,3
03-10-2016,29.64,2.0119,1.7626,12.7076,0.0755,2.4611,4
30-09-2016,29.62,1.9142,1.7815,17.6897,0.0834,3.8799,3
29-09-2016,29.53,1.9142,1.7815,17.6897,0.0834,3.8799,3
28-09-2016,29.9,1.9142,1.7815,17.6897,0.0834,3.8799,3
27-09-2016,29.88,1.9142,1.7815,17.6897,0.0834,3.8799,3
26-09-2016,29.54,1.9142,1.7815,17.6897,0.0834,3.8799,3
23-09-2016,29.89,1.9142,1.7815,17.6897,0.0834,3.8799,3
22-09-2016,30.04,1.9142,1.7815,17.6897,0.0834,3.8799,3
21-09-2016,29.85,1.9142,1.7815,17.6897,0.0834,3.8799,3
20-09-2016,29.67,1.9142,1.7815,17.6897,0.0834,3.8799,3
19-09-2016,29.43,1.9142,1.7815,17.6897,0.0834,3.8799,3
16-09-2016,29.68,1.9142,1.7815,17.6897,0.0834,3.8799,3
15-09-2016,29.75,1.9142,1.7815,17.6897,0.0834,3.8799,3
14-09-2016,29.7,1.9142,1.7815,17.6897,0.0834,3.8799,3
13-09-2016,29.85,1.9142,1.7815,17.6897,0.0834,3.8799,3
12-09-2016,30.49,1.9142,1.7815,17.6897,0.0834,3.8799,3
09-09-2016,30.11,1.9142,1.7815,17.6897,0.0834,3.8799,3
08-09-2016,31.04,1.9142,1.7815,17.6897,0.0834,3.8799,3
07-09-2016,31.06,1.9142,1.7815,17.6897,0.0834,3.8799,3
06-09-2016,31.05,1.9142,1.7815,17.6897,0.0834,3.8799,3
02-09-2016,31.29,1.9142,1.7815,17.6897,0.0834,3.8799,3
01-09-2016,31.2,1.9142,1.7815,17.6897,0.0834,3.8799,3
31-08-2016,31.24,1.9142,1.7815,17.6897,0.0834,3.8799,3
30-08-2016,31.37,1.9142,1.7815,17.6897,0.0834,3.8799,3
29-08-2016,31.36,1.9142,1.7815,17.6897,0.0834,3.8799,3
26-08-2016,31.23,1.9142,1.7815,17.6897,0.0834,3.8799,3
25-08-2016,31.21,1.9142,1.7815,17.6897,0.0834,3.8799,3
24-08-2016,31.22,1.9142,1.7815,17.6897,0.0834,3.8799,3
23-08-2016,31.23,1.9142,1.7815,17.6897,0.0834,3.8799,3
22-08-2016,31.32,1.9142,1.7815,17.6897,0.0834,3.8799,3
19-08-2016,31.25,1.9142,1.7815,17.6897,0.0834,3.8799,3
18-08-2016,31.43,1.9142,1.7815,17.6897,0.0834,3.8799,3
17-08-2016,31.29,1.9142,1.7815,17.6897,0.0834,3.8799,3
16-08-2016,31.19,1.9142,1.7815,17.6897,0.0834,3.8799,3
15-08-2016,31.24,1.9142,1.7815,17.6897,0.0834,3.8799,3
12-08-2016,31.24,1.9142,1.7815,17.6897,0.0834,3.8799,3
11-08-2016,31.29,1.9142,1.7815,17.6897,0.0834,3.8799,3
10-08-2016,31.27,1.9142,1.7815,17.6897,0.0834,3.8799,3
09-08-2016,31.3,1.9142,1.7815,17.6897,0.0834,3.8799,3
08-08-2016,31.27,1.9142,1.7815,17.6897,0.0834,3.8799,3
05-08-2016,31.28,1.9142,1.7815,17.6897,0.0834,3.8799,3
04-08-2016,31.17,1.9142,1.7815,17.6897,0.0834,3.8799,2
03-08-2016,31.13,1.9142,1.7815,17.6897,0.0834,3.8799,3
02-08-2016,31.05,1.9142,1.7815,17.6897,0.0834,3.8799,3
01-08-2016,31.15,1.9142,1.7815,17.6897,0.0834,3.8799,3
29-07-2016,31.14,1.9142,1.7815,17.6897,0.0834,3.8799,3
28-07-2016,31.25,1.9142,1.7815,17.6897,0.0834,3.8799,3
27-07-2016,31.28,1.9142,1.7815,17.6897,0.0834,3.8799,3
26-07-2016,31.47,1.9142,1.7815,17.6897,0.0834,3.8799,3
25-07-2016,31.64,1.9142,1.7815,17.6897,0.0834,3.8799,3
22-07-2016,32.06,1.9142,1.7815,17.6897,0.0834,3.8799,3
21-07-2016,32.59,1.9142,1.7815,17.6897,0.0834,3.8799,3
20-07-2016,32.78,1.9142,1.7815,17.6897,0.0834,3.8799,3
19-07-2016,32.93,1.9142,1.7815,17.6897,0.0834,3.8799,3
18-07-2016,32.91,1.9142,1.7815,17.6897,0.0834,3.8799,3
15-07-2016,32.88,1.9142,1.7815,17.6897,0.0834,3.8799,3
14-07-2016,32.63,1.9142,1.7815,17.6897,0.0834,3.8799,3
13-07-2016,32.36,1.9142,1.7815,17.6897,0.0834,3.8799,3
12-07-2016,32.26,1.9142,1.7815,17.6897,0.0834,3.8799,3
11-07-2016,32.21,1.9142,1.7815,17.6897,0.0834,3.8799,3
08-07-2016,32.2,1.9142,1.7815,17.6897,0.0834,3.8799,3
07-07-2016,31.82,1.9142,1.7815,17.6897,0.0834,3.8799,3
06-07-2016,31.74,1.9142,1.7815,17.6897,0.0834,3.8799,3
05-07-2016,31.45,1.9142,1.7815,17.6897,0.0834,3.8799,3
01-07-2016,31.49,1.9142,1.7815,17.6897,0.0834,3.8799,3
30-06-2016,31.48,1.6896,1.9758,9.3985,0.0602,0.4474,3
29-06-2016,30.55,1.6896,1.9758,9.3985,0.0602,0.4474,3
28-06-2016,29.94,1.6896,1.9758,9.3985,0.0602,0.4474,3
27-06-2016,29.32,1.6896,1.9758,9.3985,0.0602,0.4474,3
24-06-2016,29.82,1.6896,1.9758,9.3985,0.0602,0.4474,3
23-06-2016,31.19,1.6896,1.9758,9.3985,0.0602,0.4474,3
22-06-2016,30.78,1.6896,1.9758,9.3985,0.0602,0.4474,3
21-06-2016,30.94,1.6896,1.9758,9.3985,0.0602,0.4474,3
20-06-2016,30.83,1.6896,1.9758,9.3985,0.0602,0.4474,3
17-06-2016,30.6,1.6896,1.9758,9.3985,0.0602,0.4474,3
16-06-2016,30.64,1.6896,1.9758,9.3985,0.0602,0.4474,3
15-06-2016,30.59,1.6896,1.9758,9.3985,0.0602,0.4474,3
14-06-2016,30.44,1.6896,1.9758,9.3985,0.0602,0.4474,3
13-06-2016,29.83,1.6896,1.9758,9.3985,0.0602,0.4474,3
10-06-2016,30.04,1.6896,1.9758,9.3985,0.0602,0.4474,3
09-06-2016,30.24,1.6896,1.9758,9.3985,0.0602,0.4474,3
08-06-2016,30.31,1.6896,1.9758,9.3985,0.0602,0.4474,3
07-06-2016,30.14,1.6896,1.9758,9.3985,0.0602,0.4474,3
06-06-2016,30.12,1.6896,1.9758,9.3985,0.0602,0.4474,3
03-06-2016,29.94,1.6896,1.9758,9.3985,0.0602,0.4474,3
02-06-2016,30.05,1.6896,1.9758,9.3985,0.0602,0.4474,3
01-06-2016,30.11,1.6896,1.9758,9.3985,0.0602,0.4474,3
31-05-2016,30.23,1.6896,1.9758,9.3985,0.0602,0.4474,3
27-05-2016,30.12,1.6896,1.9758,9.3985,0.0602,0.4474,3
26-05-2016,30.02,1.6896,1.9758,9.3985,0.0602,0.4474,3
25-05-2016,30.09,1.6896,1.9758,9.3985,0.0602,0.4474,4
24-05-2016,29.85,1.6896,1.9758,9.3985,0.0602,0.4474,3
23-05-2016,29.49,1.6896,1.9758,9.3985,0.0602,0.4474,3
20-05-2016,29.56,1.6896,1.9758,9.3985,0.0602,0.4474,3
19-05-2016,29.36,1.6896,1.9758,9.3985,0.0602,0.4474,2
18-05-2016,29.61,1.6896,1.9758,9.3985,0.0602,0.4474,3
17-05-2016,29.71,1.6896,1.9758,9.3985,0.0602,0.4474,3
16-05-2016,29.96,1.6896,1.9758,9.3985,0.0602,0.4474,3
13-05-2016,29.64,1.6896,1.9758,9.3985,0.0602,0.4474,3
12-05-2016,30.09,1.6896,1.9758,9.3985,0.0602,0.4474,3
11-05-2016,30.34,1.6896,1.9758,9.3985,0.0602,0.4474,3
10-05-2016,30.48,1.6896,1.9758,9.3985,0.0602,0.4474,3
09-05-2016,29.87,1.6896,1.9758,9.3985,0.0602,0.4474,3
06-05-2016,30.12,1.6896,1.9758,9.3985,0.0602,0.4474,3
05-05-2016,29.89,1.6896,1.9758,9.3985,0.0602,0.4474,3
04-05-2016,30.07,1.6896,1.9758,9.3985,0.0602,0.4474,3
03-05-2016,30.63,1.6896,1.9758,9.3985,0.0602,0.4474,3
02-05-2016,30.89,1.6896,1.9758,9.3985,0.0602,0.4474,3
29-04-2016,30.75,1.6896,1.9758,9.3985,0.0602,0.4474,3
28-04-2016,30.9,1.6896,1.9758,9.3985,0.0602,0.4474,3
27-04-2016,30.93,1.6896,1.9758,9.3985,0.0602,0.4474,3
26-04-2016,30.9,1.6896,1.9758,9.3985,0.0602,0.4474,3
25-04-2016,30.68,1.6896,1.9758,9.3985,0.0602,0.4474,3
22-04-2016,30.76,1.6896,1.9758,9.3985,0.0602,0.4474,3
21-04-2016,30.98,1.6896,1.9758,9.3985,0.0602,0.4474,3
20-04-2016,31.15,1.6896,1.9758,9.3985,0.0602,0.4474,3
19-04-2016,31.15,1.6896,1.9758,9.3985,0.0602,0.4474,3
18-04-2016,31.06,1.6896,1.9758,9.3985,0.0602,0.4474,3
15-04-2016,31.03,1.6896,1.9758,9.3985,0.0602,0.4474,3
14-04-2016,31.02,1.6896,1.9758,9.3985,0.0602,0.4474,3
13-04-2016,30.98,1.6896,1.9758,9.3985,0.0602,0.4474,3
12-04-2016,30.81,1.6896,1.9758,9.3985,0.0602,0.4474,3
11-04-2016,30.71,1.6896,1.9758,9.3985,0.0602,0.4474,3
08-04-2016,30.79,1.6896,1.9758,9.3985,0.0602,0.4474,3
07-04-2016,30.63,1.6896,1.9758,9.3985,0.0602,0.4474,3
06-04-2016,30.9,1.6896,1.9758,9.3985,0.0602,0.4474,3
05-04-2016,30.98,1.6896,1.9758,9.3985,0.0602,0.4474,3
04-04-2016,31.23,1.6896,1.9758,9.3985,0.0602,0.4474,3
01-04-2016,31.93,1.6896,1.9758,9.3985,0.0602,0.4474,3
31-03-2016,31.79,1.6257,1.9425,11.215,0.0687,2.6415,3
30-03-2016,31.83,1.6257,1.9425,11.215,0.0687,2.6415,3
29-03-2016,31.48,1.6257,1.9425,11.215,0.0687,2.6415,3
28-03-2016,31.49,1.6257,1.9425,11.215,0.0687,2.6415,3
24-03-2016,31.11,1.6257,1.9425,11.215,0.0687,2.6415,3
23-03-2016,31.07,1.6257,1.9425,11.215,0.0687,2.6415,3
22-03-2016,31.06,1.6257,1.9425,11.215,0.0687,2.6415,3
21-03-2016,31.09,1.6257,1.9425,11.215,0.0687,2.6415,3
18-03-2016,30.92,1.6257,1.9425,11.215,0.0687,2.6415,3
17-03-2016,30.96,1.6257,1.9425,11.215,0.0687,2.6415,3
16-03-2016,30.17,1.6257,1.9425,11.215,0.0687,2.6415,3
15-03-2016,30.28,1.6257,1.9425,11.215,0.0687,2.6415,3
14-03-2016,30.27,1.6257,1.9425,11.215,0.0687,2.6415,3
11-03-2016,30.34,1.6257,1.9425,11.215,0.0687,2.6415,3
10-03-2016,29.94,1.6257,1.9425,11.215,0.0687,2.6415,3
09-03-2016,30.05,1.6257,1.9425,11.215,0.0687,2.6415,3
08-03-2016,30.06,1.6257,1.9425,11.215,0.0687,2.6415,3
07-03-2016,30.29,1.6257,1.9425,11.215,0.0687,2.6415,3
04-03-2016,30.46,1.6257,1.9425,11.215,0.0687,2.6415,3
03-03-2016,30.22,1.6257,1.9425,11.215,0.0687,2.6415,3
02-03-2016,30.18,1.6257,1.9425,11.215,0.0687,2.6415,3
01-03-2016,29.88,1.6257,1.9425,11.215,0.0687,2.6415,3
29-02-2016,29.14,1.6257,1.9425,11.215,0.0687,2.6415,3
26-02-2016,29.4,1.6257,1.9425,11.215,0.0687,2.6415,3
25-02-2016,29.23,1.6257,1.9425,11.215,0.0687,2.6415,3
24-02-2016,28.96,1.6257,1.9425,11.215,0.0687,2.6415,3
23-02-2016,29.22,1.6257,1.9425,11.215,0.0687,2.6415,3
22-02-2016,29.41,1.6257,1.9425,11.215,0.0687,2.6415,3
19-02-2016,29.02,1.6257,1.9425,11.215,0.0687,2.6415,3
18-02-2016,29.08,1.6257,1.9425,11.215,0.0687,2.6415,3
17-02-2016,29.34,1.6257,1.9425,11.215,0.0687,2.6415,3
16-02-2016,28.86,1.6257,1.9425,11.215,0.0687,2.6415,3
12-02-2016,28.26,1.6257,1.9425,11.215,0.0687,2.6415,3
11-02-2016,27.45,1.6257,1.9425,11.215,0.0687,2.6415,3
10-02-2016,28.3,1.6257,1.9425,11.215,0.0687,2.6415,4
09-02-2016,28.28,1.6257,1.9425,11.215,0.0687,2.6415,3
08-02-2016,28.17,1.6257,1.9425,11.215,0.0687,2.6415,3
05-02-2016,28.54,1.6257,1.9425,11.215,0.0687,2.6415,3
04-02-2016,29.18,1.6257,1.9425,11.215,0.0687,2.6415,3
03-02-2016,28.67,1.6257,1.9425,11.215,0.0687,2.6415,3
02-02-2016,28.24,1.6257,1.9425,11.215,0.0687,2.6415,3
01-02-2016,28.64,1.6257,1.9425,11.215,0.0687,2.6415,3
29-01-2016,29.1,1.6257,1.9425,11.215,0.0687,2.6415,3
28-01-2016,28.21,1.6257,1.9425,11.215,0.0687,2.6415,3
27-01-2016,28,1.6257,1.9425,11.215,0.0687,2.6415,3
26-01-2016,28.31,1.6257,1.9425,11.215,0.0687,2.6415,3
25-01-2016,28.04,1.6257,1.9425,11.215,0.0687,2.6415,4
22-01-2016,28.24,1.6257,1.9425,11.215,0.0687,2.6415,3
21-01-2016,28.59,1.6257,1.9425,11.215,0.0687,2.6415,3
20-01-2016,28,1.6257,1.9425,11.215,0.0687,2.6415,3
19-01-2016,28.49,1.6257,1.9425,11.215,0.0687,2.6415,3
15-01-2016,28.49,1.6257,1.9425,11.215,0.0687,2.6415,3
14-01-2016,29.06,1.6257,1.9425,11.215,0.0687,2.6415,3
13-01-2016,28.24,1.6257,1.9425,11.215,0.0687,2.6415,3
12-01-2016,28.64,1.6257,1.9425,11.215,0.0687,2.6415,3
11-01-2016,28.58,1.6257,1.9425,11.215,0.0687,2.6415,3
08-01-2016,28.45,1.6257,1.9425,11.215,0.0687,2.6415,3
07-01-2016,28.97,1.6257,1.9425,11.215,0.0687,2.6415,4
06-01-2016,30.25,1.6257,1.9425,11.215,0.0687,2.6415,2
05-01-2016,30.74,1.6257,1.9425,11.215,0.0687,2.6415,3
04-01-2016,30.71,1.6257,1.9425,11.215,0.0687,2.6415,3
31-12-2015,31.15,3.3048,1.8877,12.9157,0.0482,1.5959,3
30-12-2015,31.05,3.3048,1.8877,12.9157,0.0482,1.5959,3
29-12-2015,31.28,3.3048,1.8877,12.9157,0.0482,1.5959,3
28-12-2015,30.9,3.3048,1.8877,12.9157,0.0482,1.5959,3
24-12-2015,30.83,3.3048,1.8877,12.9157,0.0482,1.5959,3
23-12-2015,30.95,3.3048,1.8877,12.9157,0.0482,1.5959,3
22-12-2015,30.49,3.3048,1.8877,12.9157,0.0482,1.5959,4
21-12-2015,30.4,3.3048,1.8877,12.9157,0.0482,1.5959,3
18-12-2015,30.28,3.3048,1.8877,12.9157,0.0482,1.5959,3
17-12-2015,30.55,3.3048,1.8877,12.9157,0.0482,1.5959,3
16-12-2015,30.98,3.3048,1.8877,12.9157,0.0482,1.5959,3
15-12-2015,30.32,3.3048,1.8877,12.9157,0.0482,1.5959,3
14-12-2015,30.26,3.3048,1.8877,12.9157,0.0482,1.5959,3
11-12-2015,30.26,3.3048,1.8877,12.9157,0.0482,1.5959,3
10-12-2015,30.65,3.3048,1.8877,12.9157,0.0482,1.5959,3
09-12-2015,30.47,3.3048,1.8877,12.9157,0.0482,1.5959,3
08-12-2015,30.19,3.3048,1.8877,12.9157,0.0482,1.5959,4
07-12-2015,30.37,3.3048,1.8877,12.9157,0.0482,1.5959,3
04-12-2015,30.49,3.3048,1.8877,12.9157,0.0482,1.5959,3
03-12-2015,30.03,3.3048,1.8877,12.9157,0.0482,1.5959,3
02-12-2015,29.97,3.3048,1.8877,12.9157,0.0482,1.5959,3
01-12-2015,30.17,3.3048,1.8877,12.9157,0.0482,1.5959,2
30-11-2015,29.94,3.3048,1.8877,12.9157,0.0482,1.5959,3
27-11-2015,30.36,3.3048,1.8877,12.9157,0.0482,1.5959,3
25-11-2015,30.36,3.3048,1.8877,12.9157,0.0482,1.5959,3
24-11-2015,30.66,3.3048,1.8877,12.9157,0.0482,1.5959,3
23-11-2015,30.59,3.3048,1.8877,12.9157,0.0482,1.5959,3
20-11-2015,30.66,3.3048,1.8877,12.9157,0.0482,1.5959,3
19-11-2015,30.27,3.3048,1.8877,12.9157,0.0482,1.5959,3
18-11-2015,30.52,3.3048,1.8877,12.9157,0.0482,1.5959,3
17-11-2015,30.32,3.3048,1.8877,12.9157,0.0482,1.5959,3
16-11-2015,30.36,3.3048,1.8877,12.9157,0.0482,1.5959,3
13-11-2015,30.28,3.3048,1.8877,12.9157,0.0482,1.5959,3
12-11-2015,30.16,3.3048,1.8877,12.9157,0.0482,1.5959,3
11-11-2015,30.67,3.3048,1.8877,12.9157,0.0482,1.5959,3
10-11-2015,30.12,3.3048,1.8877,12.9157,0.0482,1.5959,3
09-11-2015,29.75,3.3048,1.8877,12.9157,0.0482,1.5959,3
06-11-2015,29.92,3.3048,1.8877,12.9157,0.0482,1.5959,3
05-11-2015,29.64,3.3048,1.8877,12.9157,0.0482,1.5959,3
04-11-2015,29.54,3.3048,1.8877,12.9157,0.0482,1.5959,3
03-11-2015,29.59,3.3048,1.8877,12.9157,0.0482,1.5959,3
02-11-2015,29.4,3.3048,1.8877,12.9157,0.0482,1.5959,3
30-10-2015,28.92,3.3048,1.8877,12.9157,0.0482,1.5959,3
29-10-2015,29.34,3.3048,1.8877,12.9157,0.0482,1.5959,3
28-10-2015,29.39,3.3048,1.8877,12.9157,0.0482,1.5959,3
27-10-2015,29.46,3.3048,1.8877,12.9157,0.0482,1.5959,3
26-10-2015,29.55,3.3048,1.8877,12.9157,0.0482,1.5959,3
23-10-2015,29.51,3.3048,1.8877,12.9157,0.0482,1.5959,3
22-10-2015,29.58,3.3048,1.8877,12.9157,0.0482,1.5959,3
21-10-2015,28.85,3.3048,1.8877,12.9157,0.0482,1.5959,3
20-10-2015,28.78,3.3048,1.8877,12.9157,0.0482,1.5959,3
19-10-2015,28.99,3.3048,1.8877,12.9157,0.0482,1.5959,3
16-10-2015,28.98,3.3048,1.8877,12.9157,0.0482,1.5959,3
15-10-2015,28.03,3.3048,1.8877,12.9157,0.0482,1.5959,3
14-10-2015,27.6,3.3048,1.8877,12.9157,0.0482,1.5959,3
13-10-2015,27.87,3.3048,1.8877,12.9157,0.0482,1.5959,3
12-10-2015,28.09,3.3048,1.8877,12.9157,0.0482,1.5959,3
09-10-2015,28.07,3.3048,1.8877,12.9157,0.0482,1.5959,3
08-10-2015,28.03,3.3048,1.8877,12.9157,0.0482,1.5959,3
07-10-2015,27.77,3.3048,1.8877,12.9157,0.0482,1.5959,3
06-10-2015,27.29,3.3048,1.8877,12.9157,0.0482,1.5959,3
05-10-2015,26.82,3.3048,1.8877,12.9157,0.0482,1.5959,3
02-10-2015,25.47,3.3048,1.8877,12.9157,0.0482,1.5959,3
01-10-2015,25.19,3.3048,1.8877,12.9157,0.0482,1.5959,3
30-09-2015,25.22,2.5945,2.1405,13.6249,0.0478,1.5328,3
29-09-2015,24.57,2.5945,2.1405,13.6249,0.0478,1.5328,3
28-09-2015,24.31,2.5945,2.1405,13.6249,0.0478,1.5328,3
25-09-2015,24.92,2.5945,2.1405,13.6249,0.0478,1.5328,3
24-09-2015,24.91,2.5945,2.1405,13.6249,0.0478,1.5328,3
23-09-2015,25.14,2.5945,2.1405,13.6249,0.0478,1.5328,3
22-09-2015,25.11,2.5945,2.1405,13.6249,0.0478,1.5328,3
21-09-2015,25.09,2.5945,2.1405,13.6249,0.0478,1.5328,3
18-09-2015,24.8,2.5945,2.1405,13.6249,0.0478,1.5328,3
17-09-2015,25.35,2.5945,2.1405,13.6249,0.0478,1.5328,4
16-09-2015,25.93,2.5945,2.1405,13.6249,0.0478,1.5328,3
15-09-2015,25.3,2.5945,2.1405,13.6249,0.0478,1.5328,3
14-09-2015,24.77,2.5945,2.1405,13.6249,0.0478,1.5328,3
11-09-2015,24.95,2.5945,2.1405,13.6249,0.0478,1.5328,4
10-09-2015,24.68,2.5945,2.1405,13.6249,0.0478,1.5328,3
09-09-2015,24.55,2.5945,2.1405,13.6249,0.0478,1.5328,3
08-09-2015,24.96,2.5945,2.1405,13.6249,0.0478,1.5328,3
04-09-2015,24,2.5945,2.1405,13.6249,0.0478,1.5328,3
03-09-2015,24.51,2.5945,2.1405,13.6249,0.0478,1.5328,3
02-09-2015,24.57,2.5945,2.1405,13.6249,0.0478,1.5328,3
01-09-2015,23.88,2.5945,2.1405,13.6249,0.0478,1.5328,3
31-08-2015,24.82,2.5945,2.1405,13.6249,0.0478,1.5328,3
28-08-2015,25.16,2.5945,2.1405,13.6249,0.0478,1.5328,4
27-08-2015,25.01,2.5945,2.1405,13.6249,0.0478,1.5328,3
26-08-2015,24.01,2.5945,2.1405,13.6249,0.0478,1.5328,3
25-08-2015,23.27,2.5945,2.1405,13.6249,0.0478,1.5328,4
24-08-2015,23.87,2.5945,2.1405,13.6249,0.0478,1.5328,3
21-08-2015,24.59,2.5945,2.1405,13.6249,0.0478,1.5328,3
20-08-2015,25.19,2.5945,2.1405,13.6249,0.0478,1.5328,3
19-08-2015,25.73,2.5945,2.1405,13.6249,0.0478,1.5328,3
18-08-2015,26.07,2.5945,2.1405,13.6249,0.0478,1.5328,3
17-08-2015,26.21,2.5945,2.1405,13.6249,0.0478,1.5328,3
14-08-2015,26.08,2.5945,2.1405,13.6249,0.0478,1.5328,3
13-08-2015,25.79,2.5945,2.1405,13.6249,0.0478,1.5328,3
12-08-2015,25.86,2.5945,2.1405,13.6249,0.0478,1.5328,3
11-08-2015,25.71,2.5945,2.1405,13.6249,0.0478,1.5328,3
10-08-2015,26.24,2.5945,2.1405,13.6249,0.0478,1.5328,3
07-08-2015,25.79,2.5945,2.1405,13.6249,0.0478,1.5328,3
06-08-2015,26.03,2.5945,2.1405,13.6249,0.0478,1.5328,3
05-08-2015,26.1,2.5945,2.1405,13.6249,0.0478,1.5328,3
04-08-2015,25.9,2.5945,2.1405,13.6249,0.0478,1.5328,3
03-08-2015,25.87,2.5945,2.1405,13.6249,0.0478,1.5328,4
31-07-2015,26.1,2.5945,2.1405,13.6249,0.0478,1.5328,3
30-07-2015,26.12,2.5945,2.1405,13.6249,0.0478,1.5328,3
29-07-2015,26.26,2.5945,2.1405,13.6249,0.0478,1.5328,4
28-07-2015,26.1,2.5945,2.1405,13.6249,0.0478,1.5328,2
27-07-2015,25.95,2.5945,2.1405,13.6249,0.0478,1.5328,3
24-07-2015,25.75,2.5945,2.1405,13.6249,0.0478,1.5328,3
23-07-2015,26.26,2.5945,2.1405,13.6249,0.0478,1.5328,4
22-07-2015,26.63,2.5945,2.1405,13.6249,0.0478,1.5328,4
21-07-2015,26.85,2.5945,2.1405,13.6249,0.0478,1.5328,2
20-07-2015,27.14,2.5945,2.1405,13.6249,0.0478,1.5328,2
17-07-2015,27.24,2.5945,2.1405,13.6249,0.0478,1.5328,3
16-07-2015,27.04,2.5945,2.1405,13.6249,0.0478,1.5328,3
15-07-2015,26.77,2.5945,2.1405,13.6249,0.0478,1.5328,3
14-07-2015,26.66,2.5945,2.1405,13.6249,0.0478,1.5328,3
13-07-2015,26.47,2.5945,2.1405,13.6249,0.0478,1.5328,3
10-07-2015,26.27,2.5945,2.1405,13.6249,0.0478,1.5328,3
09-07-2015,26.02,2.5945,2.1405,13.6249,0.0478,1.5328,3
08-07-2015,25.89,2.5945,2.1405,13.6249,0.0478,1.5328,3
07-07-2015,26.47,2.5945,2.1405,13.6249,0.0478,1.5328,3
06-07-2015,26.31,2.5945,2.1405,13.6249,0.0478,1.5328,3
02-07-2015,26.78,2.5945,2.1405,13.6249,0.0478,1.5328,3
01-07-2015,26.66,2.5945,2.1405,13.6249,0.0478,1.5328,3
30-06-2015,26.57,3.0529,2.2134,10.8655,0.0425,-3.9839,3
29-06-2015,26.64,3.0529,2.2134,10.8655,0.0425,-3.9839,3
26-06-2015,27.09,3.0529,2.2134,10.8655,0.0425,-3.9839,3
25-06-2015,27.04,3.0529,2.2134,10.8655,0.0425,-3.9839,3
24-06-2015,27.26,3.0529,2.2134,10.8655,0.0425,-3.9839,3
23-06-2015,27.55,3.0529,2.2134,10.8655,0.0425,-3.9839,3
22-06-2015,27.42,3.0529,2.2134,10.8655,0.0425,-3.9839,3
19-06-2015,27.24,3.0529,2.2134,10.8655,0.0425,-3.9839,3
18-06-2015,27.37,3.0529,2.2134,10.8655,0.0425,-3.9839,3
17-06-2015,27.27,3.0529,2.2134,10.8655,0.0425,-3.9839,3
16-06-2015,27.22,3.0529,2.2134,10.8655,0.0425,-3.9839,3
15-06-2015,27.21,3.0529,2.2134,10.8655,0.0425,-3.9839,3
12-06-2015,27.39,3.0529,2.2134,10.8655,0.0425,-3.9839,3
11-06-2015,27.51,3.0529,2.2134,10.8655,0.0425,-3.9839,3
10-06-2015,27.63,3.0529,2.2134,10.8655,0.0425,-3.9839,3
09-06-2015,27.33,3.0529,2.2134,10.8655,0.0425,-3.9839,3
08-06-2015,27.24,3.0529,2.2134,10.8655,0.0425,-3.9839,3
05-06-2015,27.29,3.0529,2.2134,10.8655,0.0425,-3.9839,3
04-06-2015,27.26,3.0529,2.2134,10.8655,0.0425,-3.9839,3
03-06-2015,27.53,3.0529,2.2134,10.8655,0.0425,-3.9839,3
02-06-2015,27.33,3.0529,2.2134,10.8655,0.0425,-3.9839,3
01-06-2015,27.28,3.0529,2.2134,10.8655,0.0425,-3.9839,3
29-05-2015,27.27,3.0529,2.2134,10.8655,0.0425,-3.9839,3
28-05-2015,27.63,3.0529,2.2134,10.8655,0.0425,-3.9839,3
27-05-2015,27.52,3.0529,2.2134,10.8655,0.0425,-3.9839,3
26-05-2015,27.52,3.0529,2.2134,10.8655,0.0425,-3.9839,3
22-05-2015,27.68,3.0529,2.2134,10.8655,0.0425,-3.9839,3
21-05-2015,27.72,3.0529,2.2134,10.8655,0.0425,-3.9839,3
20-05-2015,27.64,3.0529,2.2134,10.8655,0.0425,-3.9839,3
19-05-2015,27.35,3.0529,2.2134,10.8655,0.0425,-3.9839,3
18-05-2015,27.31,3.0529,2.2134,10.8655,0.0425,-3.9839,3
15-05-2015,27.27,3.0529,2.2134,10.8655,0.0425,-3.9839,3
14-05-2015,27.41,3.0529,2.2134,10.8655,0.0425,-3.9839,3
13-05-2015,27.21,3.0529,2.2134,10.8655,0.0425,-3.9839,3
12-05-2015,27.03,3.0529,2.2134,10.8655,0.0425,-3.9839,3
11-05-2015,26.92,3.0529,2.2134,10.8655,0.0425,-3.9839,3
08-05-2015,27.36,3.0529,2.2134,10.8655,0.0425,-3.9839,3
07-05-2015,27.04,3.0529,2.2134,10.8655,0.0425,-3.9839,3
06-05-2015,26.81,3.0529,2.2134,10.8655,0.0425,-3.9839,3
05-05-2015,26.92,3.0529,2.2134,10.8655,0.0425,-3.9839,3
04-05-2015,27.27,3.0529,2.2134,10.8655,0.0425,-3.9839,3
01-05-2015,27.31,3.0529,2.2134,10.8655,0.0425,-3.9839,3
30-04-2015,27.08,3.0529,2.2134,10.8655,0.0425,-3.9839,3
29-04-2015,27.09,3.0529,2.2134,10.8655,0.0425,-3.9839,3
28-04-2015,27.12,3.0529,2.2134,10.8655,0.0425,-3.9839,3
27-04-2015,26.88,3.0529,2.2134,10.8655,0.0425,-3.9839,3
24-04-2015,26.8,3.0529,2.2134,10.8655,0.0425,-3.9839,3
23-04-2015,26.85,3.0529,2.2134,10.8655,0.0425,-3.9839,3
22-04-2015,26.91,3.0529,2.2134,10.8655,0.0425,-3.9839,3
21-04-2015,26.62,3.0529,2.2134,10.8655,0.0425,-3.9839,3
20-04-2015,27.02,3.0529,2.2134,10.8655,0.0425,-3.9839,3
17-04-2015,27.25,3.0529,2.2134,10.8655,0.0425,-3.9839,3
16-04-2015,27.28,3.0529,2.2134,10.8655,0.0425,-3.9839,3
15-04-2015,27.46,3.0529,2.2134,10.8655,0.0425,-3.9839,3
14-04-2015,27.73,3.0529,2.2134,10.8655,0.0425,-3.9839,3
13-04-2015,27.63,3.0529,2.2134,10.8655,0.0425,-3.9839,3
10-04-2015,28.51,3.0529,2.2134,10.8655,0.0425,-3.9839,3
09-04-2015,25.73,3.0529,2.2134,10.8655,0.0425,-3.9839,3
08-04-2015,25.01,3.0529,2.2134,10.8655,0.0425,-3.9839,3
07-04-2015,25.02,3.0529,2.2134,10.8655,0.0425,-3.9839,3
06-04-2015,25.18,3.0529,2.2134,10.8655,0.0425,-3.9839,3
02-04-2015,24.94,3.0529,2.2134,10.8655,0.0425,-3.9839,3
01-04-2015,24.84,3.0529,2.2134,10.8655,0.0425,-3.9839,3
31-03-2015,24.81,1.488,1.8784,-18.5635,0.0294,0.8061,3
30-03-2015,25.12,1.488,1.8784,-18.5635,0.0294,0.8061,3
27-03-2015,24.86,1.488,1.8784,-18.5635,0.0294,0.8061,3
26-03-2015,24.8,1.488,1.8784,-18.5635,0.0294,0.8061,3
25-03-2015,24.91,1.488,1.8784,-18.5635,0.0294,0.8061,3
24-03-2015,25.27,1.488,1.8784,-18.5635,0.0294,0.8061,3
23-03-2015,25.47,1.488,1.8784,-18.5635,0.0294,0.8061,3
20-03-2015,25.4,1.488,1.8784,-18.5635,0.0294,0.8061,3
19-03-2015,25.33,1.488,1.8784,-18.5635,0.0294,0.8061,3
18-03-2015,25.64,1.488,1.8784,-18.5635,0.0294,0.8061,3
17-03-2015,25.31,1.488,1.8784,-18.5635,0.0294,0.8061,3
16-03-2015,25.45,1.488,1.8784,-18.5635,0.0294,0.8061,3
13-03-2015,25.04,1.488,1.8784,-18.5635,0.0294,0.8061,3
12-03-2015,25.4,1.488,1.8784,-18.5635,0.0294,0.8061,3
11-03-2015,25.19,1.488,1.8784,-18.5635,0.0294,0.8061,3
10-03-2015,25.17,1.488,1.8784,-18.5635,0.0294,0.8061,3
09-03-2015,25.64,1.488,1.8784,-18.5635,0.0294,0.8061,3
06-03-2015,25.42,1.488,1.8784,-18.5635,0.0294,0.8061,2
05-03-2015,25.82,1.488,1.8784,-18.5635,0.0294,0.8061,4
04-03-2015,25.66,1.488,1.8784,-18.5635,0.0294,0.8061,4
03-03-2015,25.86,1.488,1.8784,-18.5635,0.0294,0.8061,3
02-03-2015,26.11,1.488,1.8784,-18.5635,0.0294,0.8061,3
27-02-2015,25.99,1.488,1.8784,-18.5635,0.0294,0.8061,3
26-02-2015,25.89,1.488,1.8784,-18.5635,0.0294,0.8061,3
25-02-2015,25.91,1.488,1.8784,-18.5635,0.0294,0.8061,3
24-02-2015,25.39,1.488,1.8784,-18.5635,0.0294,0.8061,3
23-02-2015,25.17,1.488,1.8784,-18.5635,0.0294,0.8061,3
20-02-2015,25.21,1.488,1.8784,-18.5635,0.0294,0.8061,3
19-02-2015,25.01,1.488,1.8784,-18.5635,0.0294,0.8061,3
18-02-2015,25.25,1.488,1.8784,-18.5635,0.0294,0.8061,3
17-02-2015,25.17,1.488,1.8784,-18.5635,0.0294,0.8061,3
13-02-2015,25.15,1.488,1.8784,-18.5635,0.0294,0.8061,3
12-02-2015,24.89,1.488,1.8784,-18.5635,0.0294,0.8061,3
11-02-2015,24.77,1.488,1.8784,-18.5635,0.0294,0.8061,3
10-02-2015,24.72,1.488,1.8784,-18.5635,0.0294,0.8061,3
09-02-2015,24.64,1.488,1.8784,-18.5635,0.0294,0.8061,3
06-02-2015,24.52,1.488,1.8784,-18.5635,0.0294,0.8061,3
05-02-2015,24.5,1.488,1.8784,-18.5635,0.0294,0.8061,3
04-02-2015,24.16,1.488,1.8784,-18.5635,0.0294,0.8061,3
03-02-2015,24.47,1.488,1.8784,-18.5635,0.0294,0.8061,3
02-02-2015,24.21,1.488,1.8784,-18.5635,0.0294,0.8061,3
30-01-2015,23.89,1.488,1.8784,-18.5635,0.0294,0.8061,3
29-01-2015,24.08,1.488,1.8784,-18.5635,0.0294,0.8061,3
28-01-2015,23.84,1.488,1.8784,-18.5635,0.0294,0.8061,3
27-01-2015,24.38,1.488,1.8784,-18.5635,0.0294,0.8061,3
26-01-2015,24.59,1.488,1.8784,-18.5635,0.0294,0.8061,3
23-01-2015,24.48,1.488,1.8784,-18.5635,0.0294,0.8061,3
22-01-2015,24.28,1.488,1.8784,-18.5635,0.0294,0.8061,3
21-01-2015,24.04,1.488,1.8784,-18.5635,0.0294,0.8061,3
20-01-2015,23.85,1.488,1.8784,-18.5635,0.0294,0.8061,3
16-01-2015,23.59,1.488,1.8784,-18.5635,0.0294,0.8061,3
15-01-2015,23.58,1.488,1.8784,-18.5635,0.0294,0.8061,3
14-01-2015,23.78,1.488,1.8784,-18.5635,0.0294,0.8061,3
13-01-2015,23.86,1.488,1.8784,-18.5635,0.0294,0.8061,3
12-01-2015,23.98,1.488,1.8784,-18.5635,0.0294,0.8061,3
09-01-2015,24.03,1.488,1.8784,-18.5635,0.0294,0.8061,3
08-01-2015,24.37,1.488,1.8784,-18.5635,0.0294,0.8061,3
07-01-2015,24.08,1.488,1.8784,-18.5635,0.0294,0.8061,3
06-01-2015,24.07,1.488,1.8784,-18.5635,0.0294,0.8061,3
05-01-2015,24.6,1.488,1.8784,-18.5635,0.0294,0.8061,3
02-01-2015,25.06,1.488,1.8784,-18.5635,0.0294,0.8061,3
31-12-2014,25.27,3.6328,1.9726,18.8401,0.0494,1.9532,3
30-12-2014,25.57,3.6328,1.9726,18.8401,0.0494,1.9532,3
29-12-2014,25.7,3.6328,1.9726,18.8401,0.0494,1.9532,3
26-12-2014,25.78,3.6328,1.9726,18.8401,0.0494,1.9532,3
24-12-2014,25.83,3.6328,1.9726,18.8401,0.0494,1.9532,3
23-12-2014,25.88,3.6328,1.9726,18.8401,0.0494,1.9532,3
22-12-2014,25.71,3.6328,1.9726,18.8401,0.0494,1.9532,3
19-12-2014,25.62,3.6328,1.9726,18.8401,0.0494,1.9532,3
18-12-2014,25.14,3.6328,1.9726,18.8401,0.0494,1.9532,3
17-12-2014,24.66,3.6328,1.9726,18.8401,0.0494,1.9532,3
16-12-2014,24.49,3.6328,1.9726,18.8401,0.0494,1.9532,3
15-12-2014,24.59,3.6328,1.9726,18.8401,0.0494,1.9532,3
12-12-2014,24.89,3.6328,1.9726,18.8401,0.0494,1.9532,3
11-12-2014,25.41,3.6328,1.9726,18.8401,0.0494,1.9532,3
10-12-2014,25.27,3.6328,1.9726,18.8401,0.0494,1.9532,3
09-12-2014,25.58,3.6328,1.9726,18.8401,0.0494,1.9532,3
08-12-2014,25.69,3.6328,1.9726,18.8401,0.0494,1.9532,3
05-12-2014,26.01,3.6328,1.9726,18.8401,0.0494,1.9532,3
04-12-2014,26.09,3.6328,1.9726,18.8401,0.0494,1.9532,3
03-12-2014,26.38,3.6328,1.9726,18.8401,0.0494,1.9532,3
02-12-2014,26.05,3.6328,1.9726,18.8401,0.0494,1.9532,3
01-12-2014,26.02,3.6328,1.9726,18.8401,0.0494,1.9532,3
28-11-2014,26.49,3.6328,1.9726,18.8401,0.0494,1.9532,3
26-11-2014,26.87,3.6328,1.9726,18.8401,0.0494,1.9532,3
25-11-2014,26.86,3.6328,1.9726,18.8401,0.0494,1.9532,3
24-11-2014,27,3.6328,1.9726,18.8401,0.0494,1.9532,3
21-11-2014,26.99,3.6328,1.9726,18.8401,0.0494,1.9532,3
20-11-2014,26.85,3.6328,1.9726,18.8401,0.0494,1.9532,3
19-11-2014,26.92,3.6328,1.9726,18.8401,0.0494,1.9532,3
18-11-2014,27.01,3.6328,1.9726,18.8401,0.0494,1.9532,3
17-11-2014,26.61,3.6328,1.9726,18.8401,0.0494,1.9532,3
14-11-2014,26.46,3.6328,1.9726,18.8401,0.0494,1.9532,3
13-11-2014,26.42,3.6328,1.9726,18.8401,0.0494,1.9532,3
12-11-2014,26.52,3.6328,1.9726,18.8401,0.0494,1.9532,3
11-11-2014,26.38,3.6328,1.9726,18.8401,0.0494,1.9532,3
10-11-2014,26.47,3.6328,1.9726,18.8401,0.0494,1.9532,3
07-11-2014,26.41,3.6328,1.9726,18.8401,0.0494,1.9532,3
06-11-2014,26.36,3.6328,1.9726,18.8401,0.0494,1.9532,3
05-11-2014,25.82,3.6328,1.9726,18.8401,0.0494,1.9532,3
04-11-2014,25.7,3.6328,1.9726,18.8401,0.0494,1.9532,3
03-11-2014,25.7,3.6328,1.9726,18.8401,0.0494,1.9532,3
31-10-2014,25.81,3.6328,1.9726,18.8401,0.0494,1.9532,3
30-10-2014,25.67,3.6328,1.9726,18.8401,0.0494,1.9532,3
29-10-2014,25.66,3.6328,1.9726,18.8401,0.0494,1.9532,3
28-10-2014,25.88,3.6328,1.9726,18.8401,0.0494,1.9532,3
27-10-2014,25.52,3.6328,1.9726,18.8401,0.0494,1.9532,3
24-10-2014,25.64,3.6328,1.9726,18.8401,0.0494,1.9532,3
23-10-2014,25.44,3.6328,1.9726,18.8401,0.0494,1.9532,3
22-10-2014,25.19,3.6328,1.9726,18.8401,0.0494,1.9532,3
21-10-2014,25.45,3.6328,1.9726,18.8401,0.0494,1.9532,3
20-10-2014,25.03,3.6328,1.9726,18.8401,0.0494,1.9532,3
17-10-2014,24.82,3.6328,1.9726,18.8401,0.0494,1.9532,3
16-10-2014,24.25,3.6328,1.9726,18.8401,0.0494,1.9532,3
15-10-2014,24.28,3.6328,1.9726,18.8401,0.0494,1.9532,3
14-10-2014,24.1,3.6328,1.9726,18.8401,0.0494,1.9532,3
13-10-2014,23.95,3.6328,1.9726,18.8401,0.0494,1.9532,3
10-10-2014,24.27,3.6328,1.9726,18.8401,0.0494,1.9532,3
09-10-2014,24.78,3.6328,1.9726,18.8401,0.0494,1.9532,3
08-10-2014,25.25,3.6328,1.9726,18.8401,0.0494,1.9532,3
07-10-2014,24.81,3.6328,1.9726,18.8401,0.0494,1.9532,3
06-10-2014,25.22,3.6328,1.9726,18.8401,0.0494,1.9532,3
03-10-2014,25.4,3.6328,1.9726,18.8401,0.0494,1.9532,3
02-10-2014,25.12,3.6328,1.9726,18.8401,0.0494,1.9532,3
01-10-2014,25.16,3.6328,1.9726,18.8401,0.0494,1.9532,3
30-09-2014,25.62,3.4988,2.0731,18.54,0.0495,2.059,3
29-09-2014,25.42,3.4988,2.0731,18.54,0.0495,2.059,3
26-09-2014,25.63,3.4988,2.0731,18.54,0.0495,2.059,3
25-09-2014,25.55,3.4988,2.0731,18.54,0.0495,2.059,3
24-09-2014,25.93,3.4988,2.0731,18.54,0.0495,2.059,3
23-09-2014,26.02,3.4988,2.0731,18.54,0.0495,2.059,3
22-09-2014,26.08,3.4988,2.0731,18.54,0.0495,2.059,3
19-09-2014,26.29,3.4988,2.0731,18.54,0.0495,2.059,3
18-09-2014,26.21,3.4988,2.0731,18.54,0.0495,2.059,3
17-09-2014,26.27,3.4988,2.0731,18.54,0.0495,2.059,3
16-09-2014,26.21,3.4988,2.0731,18.54,0.0495,2.059,3
15-09-2014,25.92,3.4988,2.0731,18.54,0.0495,2.059,3
12-09-2014,25.87,3.4988,2.0731,18.54,0.0495,2.059,3
11-09-2014,26.02,3.4988,2.0731,18.54,0.0495,2.059,3
10-09-2014,25.95,3.4988,2.0731,18.54,0.0495,2.059,3
09-09-2014,25.9,3.4988,2.0731,18.54,0.0495,2.059,3
08-09-2014,26.08,3.4988,2.0731,18.54,0.0495,2.059,3
05-09-2014,26.1,3.4988,2.0731,18.54,0.0495,2.059,3
04-09-2014,25.96,3.4988,2.0731,18.54,0.0495,2.059,3
03-09-2014,25.95,3.4988,2.0731,18.54,0.0495,2.059,3
02-09-2014,25.85,3.4988,2.0731,18.54,0.0495,2.059,3
29-08-2014,25.98,3.4988,2.0731,18.54,0.0495,2.059,3
28-08-2014,26.01,3.4988,2.0731,18.54,0.0495,2.059,3
27-08-2014,26.13,3.4988,2.0731,18.54,0.0495,2.059,3
26-08-2014,26.01,3.4988,2.0731,18.54,0.0495,2.059,3
25-08-2014,26.2,3.4988,2.0731,18.54,0.0495,2.059,3
22-08-2014,26.15,3.4988,2.0731,18.54,0.0495,2.059,3
21-08-2014,26.43,3.4988,2.0731,18.54,0.0495,2.059,3
20-08-2014,26.36,3.4988,2.0731,18.54,0.0495,2.059,3
19-08-2014,26.05,3.4988,2.0731,18.54,0.0495,2.059,3
18-08-2014,26.07,3.4988,2.0731,18.54,0.0495,2.059,3
15-08-2014,25.64,3.4988,2.0731,18.54,0.0495,2.059,3
14-08-2014,25.88,3.4988,2.0731,18.54,0.0495,2.059,3
13-08-2014,25.83,3.4988,2.0731,18.54,0.0495,2.059,3
12-08-2014,25.61,3.4988,2.0731,18.54,0.0495,2.059,3
11-08-2014,25.79,3.4988,2.0731,18.54,0.0495,2.059,3
08-08-2014,25.66,3.4988,2.0731,18.54,0.0495,2.059,3
07-08-2014,25.5,3.4988,2.0731,18.54,0.0495,2.059,3
06-08-2014,25.44,3.4988,2.0731,18.54,0.0495,2.059,3
05-08-2014,25.02,3.4988,2.0731,18.54,0.0495,2.059,3
04-08-2014,25.27,3.4988,2.0731,18.54,0.0495,2.059,3
01-08-2014,25.35,3.4988,2.0731,18.54,0.0495,2.059,3
31-07-2014,25.15,3.4988,2.0731,18.54,0.0495,2.059,3
30-07-2014,25.64,3.4988,2.0731,18.54,0.0495,2.059,3
29-07-2014,25.45,3.4988,2.0731,18.54,0.0495,2.059,3
28-07-2014,25.59,3.4988,2.0731,18.54,0.0495,2.059,3
25-07-2014,25.79,3.4988,2.0731,18.54,0.0495,2.059,3
24-07-2014,25.94,3.4988,2.0731,18.54,0.0495,2.059,3
23-07-2014,25.91,3.4988,2.0731,18.54,0.0495,2.059,3
22-07-2014,26.02,3.4988,2.0731,18.54,0.0495,2.059,3
21-07-2014,25.98,3.4988,2.0731,18.54,0.0495,2.059,3
18-07-2014,26.46,3.4988,2.0731,18.54,0.0495,2.059,3
17-07-2014,26.61,3.4988,2.0731,18.54,0.0495,2.059,3
16-07-2014,27.02,3.4988,2.0731,18.54,0.0495,2.059,3
15-07-2014,26.61,3.4988,2.0731,18.54,0.0495,2.059,3
14-07-2014,26.66,3.4988,2.0731,18.54,0.0495,2.059,3
11-07-2014,26.55,3.4988,2.0731,18.54,0.0495,2.059,3
10-07-2014,26.2,3.4988,2.0731,18.54,0.0495,2.059,3
09-07-2014,26.32,3.4988,2.0731,18.54,0.0495,2.059,3
08-07-2014,26.37,3.4988,2.0731,18.54,0.0495,2.059,3
07-07-2014,26.75,3.4988,2.0731,18.54,0.0495,2.059,3
03-07-2014,26.86,3.4988,2.0731,18.54,0.0495,2.059,3
02-07-2014,26.61,3.4988,2.0731,18.54,0.0495,2.059,3
01-07-2014,26.4,3.4988,2.0731,18.54,0.0495,2.059,3
30-06-2014,26.28,3.4322,2.1527,21.0564,0.0514,1.9563,3
27-06-2014,26.43,3.4322,2.1527,21.0564,0.0514,1.9563,3
26-06-2014,26.29,3.4322,2.1527,21.0564,0.0514,1.9563,3
25-06-2014,26.42,3.4322,2.1527,21.0564,0.0514,1.9563,3
24-06-2014,26.58,3.4322,2.1527,21.0564,0.0514,1.9563,3
23-06-2014,26.68,3.4322,2.1527,21.0564,0.0514,1.9563,3
20-06-2014,26.97,3.4322,2.1527,21.0564,0.0514,1.9563,3
19-06-2014,26.93,3.4322,2.1527,21.0564,0.0514,1.9563,3
18-06-2014,26.89,3.4322,2.1527,21.0564,0.0514,1.9563,3
17-06-2014,26.87,3.4322,2.1527,21.0564,0.0514,1.9563,3
16-06-2014,26.82,3.4322,2.1527,21.0564,0.0514,1.9563,3
13-06-2014,27.04,3.4322,2.1527,21.0564,0.0514,1.9563,3
12-06-2014,26.96,3.4322,2.1527,21.0564,0.0514,1.9563,3
11-06-2014,27.15,3.4322,2.1527,21.0564,0.0514,1.9563,3
10-06-2014,27.41,3.4322,2.1527,21.0564,0.0514,1.9563,3
09-06-2014,27.44,3.4322,2.1527,21.0564,0.0514,1.9563,3
06-06-2014,27.18,3.4322,2.1527,21.0564,0.0514,1.9563,3
05-06-2014,26.77,3.4322,2.1527,21.0564,0.0514,1.9563,3
04-06-2014,26.55,3.4322,2.1527,21.0564,0.0514,1.9563,3
03-06-2014,26.79,3.4322,2.1527,21.0564,0.0514,1.9563,3
02-06-2014,26.83,3.4322,2.1527,21.0564,0.0514,1.9563,3
30-05-2014,26.79,3.4322,2.1527,21.0564,0.0514,1.9563,3
29-05-2014,26.74,3.4322,2.1527,21.0564,0.0514,1.9563,3
28-05-2014,26.66,3.4322,2.1527,21.0564,0.0514,1.9563,3
27-05-2014,26.57,3.4322,2.1527,21.0564,0.0514,1.9563,3
23-05-2014,26.51,3.4322,2.1527,21.0564,0.0514,1.9563,3
22-05-2014,26.51,3.4322,2.1527,21.0564,0.0514,1.9563,3
21-05-2014,26.49,3.4322,2.1527,21.0564,0.0514,1.9563,3
20-05-2014,26.3,3.4322,2.1527,21.0564,0.0514,1.9563,3
19-05-2014,26.61,3.4322,2.1527,21.0564,0.0514,1.9563,3
16-05-2014,26.67,3.4322,2.1527,21.0564,0.0514,1.9563,3
15-05-2014,26.6,3.4322,2.1527,21.0564,0.0514,1.9563,3
14-05-2014,26.76,3.4322,2.1527,21.0564,0.0514,1.9563,3
13-05-2014,26.92,3.4322,2.1527,21.0564,0.0514,1.9563,3
12-05-2014,26.85,3.4322,2.1527,21.0564,0.0514,1.9563,3
09-05-2014,26.42,3.4322,2.1527,21.0564,0.0514,1.9563,3
08-05-2014,26.44,3.4322,2.1527,21.0564,0.0514,1.9563,3
07-05-2014,26.53,3.4322,2.1527,21.0564,0.0514,1.9563,3
06-05-2014,26.19,3.4322,2.1527,21.0564,0.0514,1.9563,3
05-05-2014,26.58,3.4322,2.1527,21.0564,0.0514,1.9563,3
02-05-2014,26.68,3.4322,2.1527,21.0564,0.0514,1.9563,3
01-05-2014,26.77,3.4322,2.1527,21.0564,0.0514,1.9563,3
30-04-2014,26.89,3.4322,2.1527,21.0564,0.0514,1.9563,3
29-04-2014,26.76,3.4322,2.1527,21.0564,0.0514,1.9563,3
28-04-2014,26.78,3.4322,2.1527,21.0564,0.0514,1.9563,3
25-04-2014,26.6,3.4322,2.1527,21.0564,0.0514,1.9563,3
24-04-2014,26.46,3.4322,2.1527,21.0564,0.0514,1.9563,3
23-04-2014,26.42,3.4322,2.1527,21.0564,0.0514,1.9563,3
22-04-2014,26.58,3.4322,2.1527,21.0564,0.0514,1.9563,3
21-04-2014,26.59,3.4322,2.1527,21.0564,0.0514,1.9563,3
17-04-2014,26.56,3.4322,2.1527,21.0564,0.0514,1.9563,3
16-04-2014,26.12,3.4322,2.1527,21.0564,0.0514,1.9563,3
15-04-2014,25.82,3.4322,2.1527,21.0564,0.0514,1.9563,3
14-04-2014,25.71,3.4322,2.1527,21.0564,0.0514,1.9563,3
11-04-2014,25.43,3.4322,2.1527,21.0564,0.0514,1.9563,3
10-04-2014,25.58,3.4322,2.1527,21.0564,0.0514,1.9563,3
09-04-2014,25.95,3.4322,2.1527,21.0564,0.0514,1.9563,3
08-04-2014,25.75,3.4322,2.1527,21.0564,0.0514,1.9563,3
07-04-2014,25.85,3.4322,2.1527,21.0564,0.0514,1.9563,3
04-04-2014,26.02,3.4322,2.1527,21.0564,0.0514,1.9563,3
03-04-2014,26.23,3.4322,2.1527,21.0564,0.0514,1.9563,3
02-04-2014,26.04,3.4322,2.1527,21.0564,0.0514,1.9563,3
01-04-2014,25.87,3.4322,2.1527,21.0564,0.0514,1.9563,3
31-03-2014,25.89,3.4309,2.19,-129.082,0.0115,-1.7875,3
28-03-2014,25.88,3.4309,2.19,-129.082,0.0115,-1.7875,3
27-03-2014,25.81,3.4309,2.19,-129.082,0.0115,-1.7875,3
26-03-2014,25.62,3.4309,2.19,-129.082,0.0115,-1.7875,3
25-03-2014,25.7,3.4309,2.19,-129.082,0.0115,-1.7875,3
24-03-2014,25.41,3.4309,2.19,-129.082,0.0115,-1.7875,3
21-03-2014,25.4,3.4309,2.19,-129.082,0.0115,-1.7875,3
20-03-2014,25.27,3.4309,2.19,-129.082,0.0115,-1.7875,3
19-03-2014,25.28,3.4309,2.19,-129.082,0.0115,-1.7875,3
18-03-2014,25.65,3.4309,2.19,-129.082,0.0115,-1.7875,3
17-03-2014,25.43,3.4309,2.19,-129.082,0.0115,-1.7875,3
14-03-2014,25.11,3.4309,2.19,-129.082,0.0115,-1.7875,3
13-03-2014,25.34,3.4309,2.19,-129.082,0.0115,-1.7875,3
12-03-2014,25.76,3.4309,2.19,-129.082,0.0115,-1.7875,3
11-03-2014,25.9,3.4309,2.19,-129.082,0.0115,-1.7875,3
10-03-2014,26.04,3.4309,2.19,-129.082,0.0115,-1.7875,3
07-03-2014,26.13,3.4309,2.19,-129.082,0.0115,-1.7875,3
06-03-2014,26.22,3.4309,2.19,-129.082,0.0115,-1.7875,3
05-03-2014,25.93,3.4309,2.19,-129.082,0.0115,-1.7875,3
04-03-2014,25.65,3.4309,2.19,-129.082,0.0115,-1.7875,3
03-03-2014,25.12,3.4309,2.19,-129.082,0.0115,-1.7875,3
28-02-2014,25.47,3.4309,2.19,-129.082,0.0115,-1.7875,3
27-02-2014,25.5,3.4309,2.19,-129.082,0.0115,-1.7875,3
26-02-2014,25.3,3.4309,2.19,-129.082,0.0115,-1.7875,3
25-02-2014,25.27,3.4309,2.19,-129.082,0.0115,-1.7875,3
24-02-2014,25.29,3.4309,2.19,-129.082,0.0115,-1.7875,3
21-02-2014,24.94,3.4309,2.19,-129.082,0.0115,-1.7875,3
20-02-2014,25.12,3.4309,2.19,-129.082,0.0115,-1.7875,3
19-02-2014,25.4,3.4309,2.19,-129.082,0.0115,-1.7875,3
18-02-2014,25.65,3.4309,2.19,-129.082,0.0115,-1.7875,3
14-02-2014,25.74,3.4309,2.19,-129.082,0.0115,-1.7875,3
13-02-2014,25.44,3.4309,2.19,-129.082,0.0115,-1.7875,3
12-02-2014,25.39,3.4309,2.19,-129.082,0.0115,-1.7875,3
11-02-2014,25.43,3.4309,2.19,-129.082,0.0115,-1.7875,3
10-02-2014,25.05,3.4309,2.19,-129.082,0.0115,-1.7875,3
07-02-2014,25.19,3.4309,2.19,-129.082,0.0115,-1.7875,3
06-02-2014,24.95,3.4309,2.19,-129.082,0.0115,-1.7875,3
05-02-2014,24.52,3.4309,2.19,-129.082,0.0115,-1.7875,3
04-02-2014,24.57,3.4309,2.19,-129.082,0.0115,-1.7875,3
03-02-2014,24.35,3.4309,2.19,-129.082,0.0115,-1.7875,3
31-01-2014,25.13,3.4309,2.19,-129.082,0.0115,-1.7875,3
30-01-2014,25.5,3.4309,2.19,-129.082,0.0115,-1.7875,3
29-01-2014,25.29,3.4309,2.19,-129.082,0.0115,-1.7875,3
28-01-2014,25.46,3.4309,2.19,-129.082,0.0115,-1.7875,3
27-01-2014,25.07,3.4309,2.19,-129.082,0.0115,-1.7875,3
24-01-2014,24.95,3.4309,2.19,-129.082,0.0115,-1.7875,3
23-01-2014,25.82,3.4309,2.19,-129.082,0.0115,-1.7875,3
22-01-2014,25.99,3.4309,2.19,-129.082,0.0115,-1.7875,3
21-01-2014,26.29,3.4309,2.19,-129.082,0.0115,-1.7875,3
17-01-2014,26.58,3.4309,2.19,-129.082,0.0115,-1.7875,3
16-01-2014,27.2,3.4309,2.19,-129.082,0.0115,-1.7875,3
15-01-2014,27.34,3.4309,2.19,-129.082,0.0115,-1.7875,3
14-01-2014,26.97,3.4309,2.19,-129.082,0.0115,-1.7875,3
13-01-2014,26.73,3.4309,2.19,-129.082,0.0115,-1.7875,3
10-01-2014,26.96,3.4309,2.19,-129.082,0.0115,-1.7875,3
09-01-2014,27.22,3.4309,2.19,-129.082,0.0115,-1.7875,3
08-01-2014,27.21,3.4309,2.19,-129.082,0.0115,-1.7875,3
07-01-2014,27.29,3.4309,2.19,-129.082,0.0115,-1.7875,3
06-01-2014,27.26,3.4309,2.19,-129.082,0.0115,-1.7875,3
03-01-2014,27.48,3.4309,2.19,-129.082,0.0115,-1.7875,3
02-01-2014,27.5,3.4309,2.19,-129.082,0.0115,-1.7875,3
31-12-2013,28.03,3.3566,2.3819,21.1043,0.0539,2.5356,3
30-12-2013,27.89,3.3566,2.3819,21.1043,0.0539,2.5356,3
27-12-2013,27.83,3.3566,2.3819,21.1043,0.0539,2.5356,3
26-12-2013,27.83,3.3566,2.3819,21.1043,0.0539,2.5356,2
24-12-2013,27.61,3.3566,2.3819,21.1043,0.0539,2.5356,3
23-12-2013,27.4,3.3566,2.3819,21.1043,0.0539,2.5356,3
20-12-2013,27.36,3.3566,2.3819,21.1043,0.0539,2.5356,3
19-12-2013,27.32,3.3566,2.3819,21.1043,0.0539,2.5356,3
18-12-2013,27.41,3.3566,2.3819,21.1043,0.0539,2.5356,3
17-12-2013,27.03,3.3566,2.3819,21.1043,0.0539,2.5356,2
16-12-2013,26.98,3.3566,2.3819,21.1043,0.0539,2.5356,3
13-12-2013,26.84,3.3566,2.3819,21.1043,0.0539,2.5356,3
12-12-2013,26.54,3.3566,2.3819,21.1043,0.0539,2.5356,3
11-12-2013,26.58,3.3566,2.3819,21.1043,0.0539,2.5356,3
10-12-2013,27.14,3.3566,2.3819,21.1043,0.0539,2.5356,3
09-12-2013,27.19,3.3566,2.3819,21.1043,0.0539,2.5356,3
06-12-2013,26.94,3.3566,2.3819,21.1043,0.0539,2.5356,3
05-12-2013,26.45,3.3566,2.3819,21.1043,0.0539,2.5356,3
04-12-2013,26.64,3.3566,2.3819,21.1043,0.0539,2.5356,3
03-12-2013,26.56,3.3566,2.3819,21.1043,0.0539,2.5356,3
02-12-2013,26.66,3.3566,2.3819,21.1043,0.0539,2.5356,3
29-11-2013,26.66,3.3566,2.3819,21.1043,0.0539,2.5356,3
27-11-2013,26.83,3.3566,2.3819,21.1043,0.0539,2.5356,3
26-11-2013,26.78,3.3566,2.3819,21.1043,0.0539,2.5356,3
25-11-2013,26.73,3.3566,2.3819,21.1043,0.0539,2.5356,3
22-11-2013,27.08,3.3566,2.3819,21.1043,0.0539,2.5356,3
21-11-2013,26.91,3.3566,2.3819,21.1043,0.0539,2.5356,3
20-11-2013,26.96,3.3566,2.3819,21.1043,0.0539,2.5356,3
19-11-2013,27.03,3.3566,2.3819,21.1043,0.0539,2.5356,3
18-11-2013,27.22,3.3566,2.3819,21.1043,0.0539,2.5356,3
15-11-2013,27.2,3.3566,2.3819,21.1043,0.0539,2.5356,3
14-11-2013,26.99,3.3566,2.3819,21.1043,0.0539,2.5356,3
13-11-2013,27.15,3.3566,2.3819,21.1043,0.0539,2.5356,3
12-11-2013,27.05,3.3566,2.3819,21.1043,0.0539,2.5356,3
11-11-2013,27.01,3.3566,2.3819,21.1043,0.0539,2.5356,3
08-11-2013,27.05,3.3566,2.3819,21.1043,0.0539,2.5356,3
07-11-2013,26.6,3.3566,2.3819,21.1043,0.0539,2.5356,3
06-11-2013,26.9,3.3566,2.3819,21.1043,0.0539,2.5356,3
05-11-2013,26.42,3.3566,2.3819,21.1043,0.0539,2.5356,3
04-11-2013,26.43,3.3566,2.3819,21.1043,0.0539,2.5356,3
01-11-2013,26.54,3.3566,2.3819,21.1043,0.0539,2.5356,3
31-10-2013,26.14,3.3566,2.3819,21.1043,0.0539,2.5356,3
30-10-2013,26.37,3.3566,2.3819,21.1043,0.0539,2.5356,3
29-10-2013,26.21,3.3566,2.3819,21.1043,0.0539,2.5356,3
28-10-2013,26.09,3.3566,2.3819,21.1043,0.0539,2.5356,3
25-10-2013,25.88,3.3566,2.3819,21.1043,0.0539,2.5356,3
24-10-2013,25.94,3.3566,2.3819,21.1043,0.0539,2.5356,3
23-10-2013,25.7,3.3566,2.3819,21.1043,0.0539,2.5356,3
22-10-2013,26.02,3.3566,2.3819,21.1043,0.0539,2.5356,3
21-10-2013,26.14,3.3566,2.3819,21.1043,0.0539,2.5356,3
18-10-2013,25.55,3.3566,2.3819,21.1043,0.0539,2.5356,3
17-10-2013,24.68,3.3566,2.3819,21.1043,0.0539,2.5356,3
16-10-2013,24.36,3.3566,2.3819,21.1043,0.0539,2.5356,3
15-10-2013,24.19,3.3566,2.3819,21.1043,0.0539,2.5356,3
14-10-2013,24.38,3.3566,2.3819,21.1043,0.0539,2.5356,3
11-10-2013,24.4,3.3566,2.3819,21.1043,0.0539,2.5356,3
10-10-2013,24.25,3.3566,2.3819,21.1043,0.0539,2.5356,3
09-10-2013,23.57,3.3566,2.3819,21.1043,0.0539,2.5356,3
08-10-2013,23.67,3.3566,2.3819,21.1043,0.0539,2.5356,3
07-10-2013,23.94,3.3566,2.3819,21.1043,0.0539,2.5356,3
04-10-2013,24.05,3.3566,2.3819,21.1043,0.0539,2.5356,3
03-10-2013,24.1,3.3566,2.3819,21.1043,0.0539,2.5356,3
02-10-2013,24.33,3.3566,2.3819,21.1043,0.0539,2.5356,3
01-10-2013,24.17,3.3566,2.3819,21.1043,0.0539,2.5356,3
30-09-2013,23.89,3.4842,2.3947,22.9043,0.0531,2.6574,3
27-09-2013,24.05,3.4842,2.3947,22.9043,0.0531,2.6574,3
26-09-2013,24.25,3.4842,2.3947,22.9043,0.0531,2.6574,3
25-09-2013,24.23,3.4842,2.3947,22.9043,0.0531,2.6574,3
24-09-2013,24.32,3.4842,2.3947,22.9043,0.0531,2.6574,3
23-09-2013,24.28,3.4842,2.3947,22.9043,0.0531,2.6574,3
20-09-2013,24.01,3.4842,2.3947,22.9043,0.0531,2.6574,3
19-09-2013,24.46,3.4842,2.3947,22.9043,0.0531,2.6574,3
18-09-2013,24.86,3.4842,2.3947,22.9043,0.0531,2.6574,3
17-09-2013,24.45,3.4842,2.3947,22.9043,0.0531,2.6574,3
16-09-2013,24.14,3.4842,2.3947,22.9043,0.0531,2.6574,3
13-09-2013,23.78,3.4842,2.3947,22.9043,0.0531,2.6574,4
12-09-2013,23.85,3.4842,2.3947,22.9043,0.0531,2.6574,3
11-09-2013,24.09,3.4842,2.3947,22.9043,0.0531,2.6574,3
10-09-2013,23.87,3.4842,2.3947,22.9043,0.0531,2.6574,3
09-09-2013,23.39,3.4842,2.3947,22.9043,0.0531,2.6574,3
06-09-2013,23.16,3.4842,2.3947,22.9043,0.0531,2.6574,3
05-09-2013,23.16,3.4842,2.3947,22.9043,0.0531,2.6574,4
04-09-2013,23.17,3.4842,2.3947,22.9043,0.0531,2.6574,3
03-09-2013,23.06,3.4842,2.3947,22.9043,0.0531,2.6574,3
30-08-2013,23.14,3.4842,2.3947,22.9043,0.0531,2.6574,3
29-08-2013,23.11,3.4842,2.3947,22.9043,0.0531,2.6574,3
28-08-2013,23.2,3.4842,2.3947,22.9043,0.0531,2.6574,3
27-08-2013,23.18,3.4842,2.3947,22.9043,0.0531,2.6574,3
26-08-2013,23.61,3.4842,2.3947,22.9043,0.0531,2.6574,3
23-08-2013,23.78,3.4842,2.3947,22.9043,0.0531,2.6574,3
22-08-2013,23.78,3.4842,2.3947,22.9043,0.0531,2.6574,3
21-08-2013,23.61,3.4842,2.3947,22.9043,0.0531,2.6574,3
20-08-2013,23.72,3.4842,2.3947,22.9043,0.0531,2.6574,3
19-08-2013,23.85,3.4842,2.3947,22.9043,0.0531,2.6574,3
16-08-2013,23.95,3.4842,2.3947,22.9043,0.0531,2.6574,3
15-08-2013,24,3.4842,2.3947,22.9043,0.0531,2.6574,3
14-08-2013,24.07,3.4842,2.3947,22.9043,0.0531,2.6574,3
13-08-2013,24.2,3.4842,2.3947,22.9043,0.0531,2.6574,3
12-08-2013,24.27,3.4842,2.3947,22.9043,0.0531,2.6574,3
09-08-2013,24.25,3.4842,2.3947,22.9043,0.0531,2.6574,3
08-08-2013,24.33,3.4842,2.3947,22.9043,0.0531,2.6574,3
07-08-2013,24.34,3.4842,2.3947,22.9043,0.0531,2.6574,3
06-08-2013,24.31,3.4842,2.3947,22.9043,0.0531,2.6574,3
05-08-2013,24.52,3.4842,2.3947,22.9043,0.0531,2.6574,3
02-08-2013,24.7,3.4842,2.3947,22.9043,0.0531,2.6574,3
01-08-2013,24.62,3.4842,2.3947,22.9043,0.0531,2.6574,3
31-07-2013,24.37,3.4842,2.3947,22.9043,0.0531,2.6574,3
30-07-2013,24.48,3.4842,2.3947,22.9043,0.0531,2.6574,3
29-07-2013,24.49,3.4842,2.3947,22.9043,0.0531,2.6574,3
26-07-2013,24.65,3.4842,2.3947,22.9043,0.0531,2.6574,3
25-07-2013,24.69,3.4842,2.3947,22.9043,0.0531,2.6574,3
24-07-2013,24.62,3.4842,2.3947,22.9043,0.0531,2.6574,3
23-07-2013,24.71,3.4842,2.3947,22.9043,0.0531,2.6574,3
22-07-2013,24.86,3.4842,2.3947,22.9043,0.0531,2.6574,3
19-07-2013,24.72,3.4842,2.3947,22.9043,0.0531,2.6574,3
18-07-2013,23.63,3.4842,2.3947,22.9043,0.0531,2.6574,3
17-07-2013,23.54,3.4842,2.3947,22.9043,0.0531,2.6574,3
16-07-2013,23.43,3.4842,2.3947,22.9043,0.0531,2.6574,3
15-07-2013,23.63,3.4842,2.3947,22.9043,0.0531,2.6574,3
12-07-2013,23.76,3.4842,2.3947,22.9043,0.0531,2.6574,3
11-07-2013,23.94,3.4842,2.3947,22.9043,0.0531,2.6574,3
10-07-2013,23.54,3.4842,2.3947,22.9043,0.0531,2.6574,3
09-07-2013,23.62,3.4842,2.3947,22.9043,0.0531,2.6574,3
08-07-2013,23.32,3.4842,2.3947,22.9043,0.0531,2.6574,3
05-07-2013,23.24,3.4842,2.3947,22.9043,0.0531,2.6574,3
03-07-2013,22.91,3.4842,2.3947,22.9043,0.0531,2.6574,3
02-07-2013,22.9,3.4842,2.3947,22.9043,0.0531,2.6574,3
01-07-2013,23.34,3.4842,2.3947,22.9043,0.0531,2.6574,3
28-06-2013,23.19,3.3656,2.4597,25.3613,0.0521,2.8136,3
27-06-2013,23.32,3.3656,2.4597,25.3613,0.0521,2.8136,3
26-06-2013,23.25,3.3656,2.4597,25.3613,0.0521,2.8136,3
25-06-2013,23.11,3.3656,2.4597,25.3613,0.0521,2.8136,3
24-06-2013,22.93,3.3656,2.4597,25.3613,0.0521,2.8136,3
21-06-2013,23.36,3.3656,2.4597,25.3613,0.0521,2.8136,3
20-06-2013,23.25,3.3656,2.4597,25.3613,0.0521,2.8136,3
19-06-2013,23.98,3.3656,2.4597,25.3613,0.0521,2.8136,3
18-06-2013,24.33,3.3656,2.4597,25.3613,0.0521,2.8136,3
17-06-2013,23.77,3.3656,2.4597,25.3613,0.0521,2.8136,3
14-06-2013,23.52,3.3656,2.4597,25.3613,0.0521,2.8136,3
13-06-2013,23.68,3.3656,2.4597,25.3613,0.0521,2.8136,4
12-06-2013,23.5,3.3656,2.4597,25.3613,0.0521,2.8136,3
11-06-2013,23.58,3.3656,2.4597,25.3613,0.0521,2.8136,3
10-06-2013,23.78,3.3656,2.4597,25.3613,0.0521,2.8136,3
07-06-2013,23.86,3.3656,2.4597,25.3613,0.0521,2.8136,3
06-06-2013,23.38,3.3656,2.4597,25.3613,0.0521,2.8136,3
05-06-2013,23.32,3.3656,2.4597,25.3613,0.0521,2.8136,3
04-06-2013,23.66,3.3656,2.4597,25.3613,0.0521,2.8136,3
03-06-2013,23.64,3.3656,2.4597,25.3613,0.0521,2.8136,3
31-05-2013,23.32,3.3656,2.4597,25.3613,0.0521,2.8136,3
30-05-2013,23.6,3.3656,2.4597,25.3613,0.0521,2.8136,3
29-05-2013,23.64,3.3656,2.4597,25.3613,0.0521,2.8136,3
28-05-2013,23.6,3.3656,2.4597,25.3613,0.0521,2.8136,3
24-05-2013,23.53,3.3656,2.4597,25.3613,0.0521,2.8136,3
23-05-2013,23.66,3.3656,2.4597,25.3613,0.0521,2.8136,3
22-05-2013,23.86,3.3656,2.4597,25.3613,0.0521,2.8136,3
21-05-2013,23.66,3.3656,2.4597,25.3613,0.0521,2.8136,3
20-05-2013,23.57,3.3656,2.4597,25.3613,0.0521,2.8136,3
17-05-2013,23.46,3.3656,2.4597,25.3613,0.0521,2.8136,3
16-05-2013,23.27,3.3656,2.4597,25.3613,0.0521,2.8136,3
15-05-2013,23.24,3.3656,2.4597,25.3613,0.0521,2.8136,2
14-05-2013,23.01,3.3656,2.4597,25.3613,0.0521,2.8136,3
13-05-2013,22.85,3.3656,2.4597,25.3613,0.0521,2.8136,3
10-05-2013,22.9,3.3656,2.4597,25.3613,0.0521,2.8136,3
09-05-2013,22.78,3.3656,2.4597,25.3613,0.0521,2.8136,3
08-05-2013,23.01,3.3656,2.4597,25.3613,0.0521,2.8136,3
07-05-2013,22.68,3.3656,2.4597,25.3613,0.0521,2.8136,3
06-05-2013,22.58,3.3656,2.4597,25.3613,0.0521,2.8136,3
03-05-2013,22.57,3.3656,2.4597,25.3613,0.0521,2.8136,3
02-05-2013,22.32,3.3656,2.4597,25.3613,0.0521,2.8136,3
01-05-2013,22.15,3.3656,2.4597,25.3613,0.0521,2.8136,3
30-04-2013,22.29,3.3656,2.4597,25.3613,0.0521,2.8136,3
29-04-2013,22.27,3.3656,2.4597,25.3613,0.0521,2.8136,3
26-04-2013,22.21,3.3656,2.4597,25.3613,0.0521,2.8136,3
25-04-2013,21.95,3.3656,2.4597,25.3613,0.0521,2.8136,3
24-04-2013,21.96,3.3656,2.4597,25.3613,0.0521,2.8136,3
23-04-2013,21.5,3.3656,2.4597,25.3613,0.0521,2.8136,3
22-04-2013,21.35,3.3656,2.4597,25.3613,0.0521,2.8136,3
19-04-2013,21.75,3.3656,2.4597,25.3613,0.0521,2.8136,3
18-04-2013,22.67,3.3656,2.4597,25.3613,0.0521,2.8136,3
17-04-2013,22.76,3.3656,2.4597,25.3613,0.0521,2.8136,3
16-04-2013,23.1,3.3656,2.4597,25.3613,0.0521,2.8136,3
15-04-2013,22.81,3.3656,2.4597,25.3613,0.0521,2.8136,3
12-04-2013,23.46,3.3656,2.4597,25.3613,0.0521,2.8136,3
11-04-2013,23.59,3.3656,2.4597,25.3613,0.0521,2.8136,3
10-04-2013,23.58,3.3656,2.4597,25.3613,0.0521,2.8136,3
09-04-2013,23.06,3.3656,2.4597,25.3613,0.0521,2.8136,3
08-04-2013,23.12,3.3656,2.4597,25.3613,0.0521,2.8136,3
05-04-2013,22.93,3.3656,2.4597,25.3613,0.0521,2.8136,3
04-04-2013,23.08,3.3656,2.4597,25.3613,0.0521,2.8136,3
03-04-2013,23,3.3656,2.4597,25.3613,0.0521,2.8136,3
02-04-2013,23.34,3.3656,2.4597,25.3613,0.0521,2.8136,3
01-04-2013,23.08,3.3656,2.4597,25.3613,0.0521,2.8136,3
28-03-2013,23.12,2.9431,2.6269,25.4871,0.0569,3.4405,3
27-03-2013,23.1,2.9431,2.6269,25.4871,0.0569,3.4405,3
26-03-2013,23.12,2.9431,2.6269,25.4871,0.0569,3.4405,3
25-03-2013,23.24,2.9431,2.6269,25.4871,0.0569,3.4405,3
22-03-2013,23.37,2.9431,2.6269,25.4871,0.0569,3.4405,3
21-03-2013,23.29,2.9431,2.6269,25.4871,0.0569,3.4405,3
20-03-2013,23.46,2.9431,2.6269,25.4871,0.0569,3.4405,3
19-03-2013,23.32,2.9431,2.6269,25.4871,0.0569,3.4405,3
18-03-2013,23.25,2.9431,2.6269,25.4871,0.0569,3.4405,3
15-03-2013,23.44,2.9431,2.6269,25.4871,0.0569,3.4405,3
14-03-2013,23.69,2.9431,2.6269,25.4871,0.0569,3.4405,2
13-03-2013,23.49,2.9431,2.6269,25.4871,0.0569,3.4405,3
12-03-2013,23.41,2.9431,2.6269,25.4871,0.0569,3.4405,3
11-03-2013,23.62,2.9431,2.6269,25.4871,0.0569,3.4405,3
08-03-2013,23.77,2.9431,2.6269,25.4871,0.0569,3.4405,2
07-03-2013,23.68,2.9431,2.6269,25.4871,0.0569,3.4405,3
06-03-2013,23.67,2.9431,2.6269,25.4871,0.0569,3.4405,3
05-03-2013,23.59,2.9431,2.6269,25.4871,0.0569,3.4405,3
04-03-2013,23.27,2.9431,2.6269,25.4871,0.0569,3.4405,3
01-03-2013,23.19,2.9431,2.6269,25.4871,0.0569,3.4405,3
28-02-2013,23.22,2.9431,2.6269,25.4871,0.0569,3.4405,3
27-02-2013,23.37,2.9431,2.6269,25.4871,0.0569,3.4405,3
26-02-2013,23.05,2.9431,2.6269,25.4871,0.0569,3.4405,3
25-02-2013,22.81,2.9431,2.6269,25.4871,0.0569,3.4405,3
22-02-2013,23.39,2.9431,2.6269,25.4871,0.0569,3.4405,3
21-02-2013,23.26,2.9431,2.6269,25.4871,0.0569,3.4405,3
20-02-2013,23.41,2.9431,2.6269,25.4871,0.0569,3.4405,3
19-02-2013,23.75,2.9431,2.6269,25.4871,0.0569,3.4405,3
15-02-2013,23.29,2.9431,2.6269,25.4871,0.0569,3.4405,3
14-02-2013,23.41,2.9431,2.6269,25.4871,0.0569,3.4405,3
13-02-2013,23.39,2.9431,2.6269,25.4871,0.0569,3.4405,3
12-02-2013,22.58,2.9431,2.6269,25.4871,0.0569,3.4405,3
11-02-2013,22.45,2.9431,2.6269,25.4871,0.0569,3.4405,3
08-02-2013,22.5,2.9431,2.6269,25.4871,0.0569,3.4405,3
07-02-2013,22.48,2.9431,2.6269,25.4871,0.0569,3.4405,3
06-02-2013,22.44,2.9431,2.6269,25.4871,0.0569,3.4405,3
05-02-2013,22.54,2.9431,2.6269,25.4871,0.0569,3.4405,3
04-02-2013,22.31,2.9431,2.6269,25.4871,0.0569,3.4405,3
01-02-2013,22.62,2.9431,2.6269,25.4871,0.0569,3.4405,3
31-01-2013,22.28,2.9431,2.6269,25.4871,0.0569,3.4405,3
30-01-2013,22.23,2.9431,2.6269,25.4871,0.0569,3.4405,3
29-01-2013,22.5,2.9431,2.6269,25.4871,0.0569,3.4405,3
28-01-2013,22.5,2.9431,2.6269,25.4871,0.0569,3.4405,3
25-01-2013,22.29,2.9431,2.6269,25.4871,0.0569,3.4405,3
24-01-2013,22.05,2.9431,2.6269,25.4871,0.0569,3.4405,3
23-01-2013,21.94,2.9431,2.6269,25.4871,0.0569,3.4405,3
22-01-2013,22.01,2.9431,2.6269,25.4871,0.0569,3.4405,3
18-01-2013,22.04,2.9431,2.6269,25.4871,0.0569,3.4405,3
17-01-2013,21.3,2.9431,2.6269,25.4871,0.0569,3.4405,3
16-01-2013,21.12,2.9431,2.6269,25.4871,0.0569,3.4405,3
15-01-2013,21.2,2.9431,2.6269,25.4871,0.0569,3.4405,3
14-01-2013,21.12,2.9431,2.6269,25.4871,0.0569,3.4405,3
11-01-2013,21.13,2.9431,2.6269,25.4871,0.0569,3.4405,3
10-01-2013,21.17,2.9431,2.6269,25.4871,0.0569,3.4405,3
09-01-2013,20.95,2.9431,2.6269,25.4871,0.0569,3.4405,3
08-01-2013,20.9,2.9431,2.6269,25.4871,0.0569,3.4405,4
07-01-2013,21.13,2.9431,2.6269,25.4871,0.0569,3.4405,3
04-01-2013,21.2,2.9431,2.6269,25.4871,0.0569,3.4405,3
03-01-2013,21.1,2.9431,2.6269,25.4871,0.0569,3.4405,3
02-01-2013,21.34,2.9431,2.6269,25.4871,0.0569,3.4405,3
31-12-2012,20.99,2.7025,2.7739,24.4773,0.0519,2.7083,3
28-12-2012,20.44,2.7025,2.7739,24.4773,0.0519,2.7083,3
27-12-2012,20.69,2.7025,2.7739,24.4773,0.0519,2.7083,3
26-12-2012,20.77,2.7025,2.7739,24.4773,0.0519,2.7083,3
24-12-2012,20.82,2.7025,2.7739,24.4773,0.0519,2.7083,3
21-12-2012,20.88,2.7025,2.7739,24.4773,0.0519,2.7083,3
20-12-2012,21.05,2.7025,2.7739,24.4773,0.0519,2.7083,3
19-12-2012,21.01,2.7025,2.7739,24.4773,0.0519,2.7083,3
18-12-2012,21.69,2.7025,2.7739,24.4773,0.0519,2.7083,3
17-12-2012,21.93,2.7025,2.7739,24.4773,0.0519,2.7083,3
14-12-2012,21.62,2.7025,2.7739,24.4773,0.0519,2.7083,3
13-12-2012,21.62,2.7025,2.7739,24.4773,0.0519,2.7083,3
12-12-2012,21.78,2.7025,2.7739,24.4773,0.0519,2.7083,4
11-12-2012,21.51,2.7025,2.7739,24.4773,0.0519,2.7083,3
10-12-2012,21.39,2.7025,2.7739,24.4773,0.0519,2.7083,3
07-12-2012,21.46,2.7025,2.7739,24.4773,0.0519,2.7083,3
06-12-2012,21.37,2.7025,2.7739,24.4773,0.0519,2.7083,3
05-12-2012,21.23,2.7025,2.7739,24.4773,0.0519,2.7083,3
04-12-2012,20.86,2.7025,2.7739,24.4773,0.0519,2.7083,3
03-12-2012,20.82,2.7025,2.7739,24.4773,0.0519,2.7083,3
30-11-2012,21.13,2.7025,2.7739,24.4773,0.0519,2.7083,3
29-11-2012,21.13,2.7025,2.7739,24.4773,0.0519,2.7083,3
28-11-2012,21.14,2.7025,2.7739,24.4773,0.0519,2.7083,3
27-11-2012,20.87,2.7025,2.7739,24.4773,0.0519,2.7083,3
26-11-2012,21.06,2.7025,2.7739,24.4773,0.0519,2.7083,3
23-11-2012,21.04,2.7025,2.7739,24.4773,0.0519,2.7083,4
21-11-2012,20.68,2.7025,2.7739,24.4773,0.0519,2.7083,3
20-11-2012,20.62,2.7025,2.7739,24.4773,0.0519,2.7083,3
19-11-2012,20.66,2.7025,2.7739,24.4773,0.0519,2.7083,3
16-11-2012,20.15,2.7025,2.7739,24.4773,0.0519,2.7083,3
15-11-2012,20.06,2.7025,2.7739,24.4773,0.0519,2.7083,3
14-11-2012,20.01,2.7025,2.7739,24.4773,0.0519,2.7083,3
13-11-2012,20.68,2.7025,2.7739,24.4773,0.0519,2.7083,2
12-11-2012,20.89,2.7025,2.7739,24.4773,0.0519,2.7083,3
09-11-2012,21,2.7025,2.7739,24.4773,0.0519,2.7083,3
08-11-2012,20.89,2.7025,2.7739,24.4773,0.0519,2.7083,3
07-11-2012,21.13,2.7025,2.7739,24.4773,0.0519,2.7083,3
06-11-2012,21.59,2.7025,2.7739,24.4773,0.0519,2.7083,3
05-11-2012,21.41,2.7025,2.7739,24.4773,0.0519,2.7083,3
