"date","close","volume","open","high","low"

"2017/11/03","86.5800","5106353.0000","86.7800","87.1600","86.4600"
"2017/11/02","86.5100","5021150.0000","86.7800","87.0400","86.2300"
"2017/11/01","86.8900","4870309.0000","86.3300","87.1400","86.1100"
"2017/10/31","86.3400","7118956.0000","86.4900","86.5000","85.7200"
"2017/10/30","86.2700","5386886.0000","86.9100","87.0800","86.1600"
"2017/10/27","87.0400","7430379.0000","87.5300","87.5300","86.4500"
"2017/10/26","87.5000","6228391.0000","87.1900","87.7700","87.1000"
"2017/10/25","86.8600","9024151.0000","86.9000","87.1100","86.2800"
"2017/10/24","86.9800","11467260.0000","87.3700","87.4200","86.7800"
"2017/10/23","87.3000","13356670.0000","88.6300","88.8600","86.8700"
"2017/10/20","88.2500","19875630.0000","89.7200","89.9600","87.5900"
"2017/10/19","91.5900","8476588.0000","91.7000","91.9900","91.1400"
"2017/10/18","92.7700","7399634.0000","92.7800","92.9500","92.0100"
"2017/10/17","92.8000","5315844.0000","93.0400","93.0900","92.4000"
"2017/10/16","93.1400","4154501.0000","92.9700","93.3700","92.7100"
"2017/10/13","93.0400","6955993.0000","92.7000","93.5100","92.5900"
"2017/10/12","92.1500","6058667.0000","91.4100","92.3050","91.3900"
"2017/10/11","91.4600","7115090.0000","91.0900","91.7300","91.0700"
"2017/10/10","91.6200","17119760.0000","92.3700","93.0400","89.8600"
"2017/10/09","92.1200","5148962.0000","92.4000","92.6200","91.9300"
"2017/10/06","92.3300","5241802.0000","92.0000","92.3500","91.8800"
"2017/10/05","92.0300","6908199.0000","92.4900","92.6500","91.9400"
"2017/10/04","92.4200","6136689.0000","92.1200","92.7950","92.0200"
"2017/10/03","92.1200","5909908.0000","91.9600","92.3400","91.5600"
"2017/10/02","91.7700","7298923.0000","91.2600","92.4000","91.2400"
"2017/09/29","90.9800","6601499.0000","90.9700","91.4300","90.7000"
"2017/09/28","90.8900","4997256.0000","90.8600","91.1180","90.6300"
"2017/09/27","90.8700","9539402.0000","92.5200","92.5200","90.3400"
"2017/09/26","92.6500","4814262.0000","92.8200","92.8450","92.2000"
"2017/09/25","92.7200","6432286.0000","92.4300","93.0900","92.3300"
"2017/09/22","92.2400","6826974.0000","92.5500","93.0000","92.0800"
"2017/09/21","92.6400","9083057.0000","94.1500","94.5000","92.4450"
"2017/09/20","94.4000","5852515.0000","94.1700","94.6700","93.8300"
"2017/09/19","94.1700","6587052.0000","93.3400","94.4500","93.3400"
"2017/09/18","93.1500","6177478.0000","93.1700","93.5000","92.8600"
"2017/09/15","93.2700","12428230.0000","93.8200","93.8200","92.8200"
"2017/09/14","93.5500","5491834.0000","93.2300","93.6500","93.1800"
"2017/09/13","93.5500","5369277.0000","93.5000","93.7700","93.4500"
"2017/09/12","93.5100","5807593.0000","93.7200","93.9800","93.2100"
"2017/09/11","93.9900","10170970.0000","93.0900","94.1900","92.9000"
"2017/09/08","92.8400","6070073.0000","92.7600","93.1500","92.5100"
"2017/09/07","92.9700","7733915.0000","92.7400","93.3600","92.3300"
"2017/09/06","92.7200","6658854.0000","92.7900","92.9100","92.3600"
"2017/09/05","92.7200","6532090.0000","92.1800","92.7400","92.0400"
"2017/09/01","92.5300","4960633.0000","92.4200","92.6600","92.2600"
"2017/08/31","92.2700","5864440.0000","91.8900","92.3900","91.8400"
"2017/08/30","91.8700","4709595.0000","92.0800","92.0800","91.6600"
"2017/08/29","92.3200","3674588.0000","92.4800","92.6900","92.2400"
"2017/08/28","92.4700","5386317.0000","92.5200","92.7056","91.9750"
"2017/08/25","92.5100","4916730.0000","92.6500","92.8600","92.4100"
"2017/08/24","92.2700","5170149.0000","92.4400","92.5700","92.0400"
"2017/08/23","92.4400","3656128.0000","92.5000","92.6644","92.2800"
"2017/08/22","92.7900","4731277.0000","92.9100","92.9600","92.5900"
"2017/08/21","92.8600","4334043.0000","92.3800","92.9600","92.3600"
"2017/08/18","92.4700","6803763.0000","91.9800","92.7800","91.8500"
"2017/08/17","92.0700","5529200.0000","92.4000","92.6700","92.0700"
"2017/08/16","92.4400","7965403.0000","92.2900","92.9500","92.1900"
"2017/08/15","92.2000","5292908.0000","91.9100","92.3600","91.8800"
"2017/08/14","91.6500","5395053.0000","91.5400","91.9500","91.2500"
"2017/08/11","91.3400","7093858.0000","91.9400","92.0800","91.2900"
"2017/08/10","91.7400","6334755.0000","91.8600","92.0000","91.6900"
"2017/08/09","91.9200","5572843.0000","91.5200","91.9400","91.5200"
"2017/08/08","91.5800","5595675.0000","91.4000","91.9400","91.2300"
"2017/08/07","91.4400","5006331.0000","90.6700","91.5600","90.5200"
"2017/08/04","90.6700","5824439.0000","90.6900","91.0800","90.5300"
"2017/08/03","90.8600","6413171.0000","90.8600","91.7500","90.8200"
"2017/08/02","91.0400","6952338.0000","90.9700","91.2950","90.5300"
"2017/08/01","91.1000","8211695.0000","91.0300","91.7300","90.7200"
"2017/07/31","90.8200","7833557.0000","90.2100","91.0700","90.2100"
"2017/07/28","90.2100","6137234.0000","90.5600","91.0000","89.9600"
"2017/07/27","90.6800","11069960.0000","90.2900","90.7500","89.0000"
"2017/07/26","89.3000","6985081.0000","89.0000","89.4200","88.8700"
"2017/07/25","89.1400","6765877.0000","88.6700","89.2000","88.5400"
"2017/07/24","88.1800","6184969.0000","88.5500","88.6000","87.9700"
"2017/07/21","88.6100","5714842.0000","88.1600","88.6800","87.8100"
"2017/07/20","88.6000","7259266.0000","88.3200","89.3100","88.3100"
"2017/07/19","88.3500","6008396.0000","87.8700","88.4100","87.5950"
"2017/07/18","88.6400","7415698.0000","87.6100","88.7600","87.4600"
"2017/07/17","87.5500","5227321.0000","87.0700","87.9050","86.7400"
"2017/07/14","87.1000","4577701.0000","86.9600","87.2850","86.7300"
"2017/07/13","86.7000","5448088.0000","86.7700","87.0500","86.5000"
"2017/07/12","86.9600","4374089.0000","87.2400","87.4650","86.8300"
"2017/07/11","86.7700","5838563.0000","87.2300","87.4500","86.3050"
"2017/07/10","87.0900","5356317.0000","87.6300","87.8700","86.8900"
"2017/07/07","87.6500","4914666.0000","87.6900","87.8200","87.2800"
"2017/07/06","87.3700","6038651.0000","87.6500","87.9500","87.3600"
"2017/07/05","87.6700","4974191.0000","87.8600","88.0000","87.4900"
"2017/07/03","87.7400","3607447.0000","87.4000","88.0000","87.1800"
"2017/06/30","87.1500","6065777.0000","87.0500","87.4700","87.0000"
"2017/06/29","86.9900","8122100.0000","88.0200","88.2200","86.9300"
"2017/06/28","88.3700","4874760.0000","89.0800","89.2100","88.2600"
"2017/06/27","88.6100","5180366.0000","89.1800","89.3000","88.6100"
"2017/06/26","89.3600","4363047.0000","89.6300","89.6800","89.2700"
"2017/06/23","89.4200","8782097.0000","89.0300","89.8000","88.9000"
"2017/06/22","89.0300","4536694.0000","89.2710","89.4100","88.9000"
"2017/06/21","89.4000","4164338.0000","89.6200","89.9499","89.2900"
"2017/06/20","89.6300","5674209.0000","89.7700","90.2100","89.6100"
"2017/06/19","89.8600","5152750.0000","89.6000","89.8600","89.2046"
"2017/06/16","89.6600","13848640.0000","89.7200","89.7700","88.8100"
"2017/06/15","89.3800","7047171.0000","88.2310","89.6200","88.2300"
"2017/06/14","88.4400","6183825.0000","88.4900","88.7500","88.0600"
"2017/06/13","88.0600","6414093.0000","88.3600","88.4000","87.7700"
"2017/06/12","88.2400","7863634.0000","88.2800","88.6600","88.0900"
"2017/06/09","88.1600","9696915.0000","87.8500","88.2100","87.5500"
"2017/06/08","87.8500","7672307.0000","88.5800","88.8000","87.3600"
"2017/06/07","88.7700","4777670.0000","88.6800","88.8931","88.4000"
"2017/06/06","88.8000","6503039.0000","88.7600","88.9700","88.4500"
"2017/06/05","88.7400","4115288.0000","88.3000","88.7600","88.0000"
"2017/06/02","88.5900","6132729.0000","88.4000","88.6750","88.0050"
"2017/06/01","88.1300","6247768.0000","88.0200","88.1400","87.3700"
"2017/05/31","88.0900","10144180.0000","87.6700","88.3500","87.4500"
"2017/05/30","87.4000","4594393.0000","87.2500","87.6100","87.0950"
"2017/05/26","87.2500","4336521.0000","86.9300","87.3800","86.8160"
"2017/05/25","86.8600","4364021.0000","86.5800","86.9800","86.5500"
"2017/05/24","86.5000","4898401.0000","86.4500","86.6500","86.2100"
"2017/05/23","86.0800","4394125.0000","86.2800","86.5400","85.9800"
"2017/05/22","86.2100","4254965.0000","86.2500","86.4000","86.0300"
"2017/05/19","86.2400","6913916.0000","86.0000","86.3800","85.6700"
"2017/05/18","85.8700","6979607.0000","86.1800","86.2200","85.5200"
"2017/05/17","86.2600","7805479.0000","86.2200","86.6300","85.9300"
"2017/05/16","86.2400","6554419.0000","86.8800","87.0000","86.1900"
"2017/05/15","86.3300","5752057.0000","86.6500","86.7100","86.2450"
"2017/05/12","86.1900","5891344.0000","86.2400","86.3200","85.9150"
"2017/05/11","86.1700","6064723.0000","86.6100","86.6300","85.8800"
"2017/05/10","86.4900","6178548.0000","86.4800","86.7900","86.3850"
"2017/05/09","86.4000","9577603.0000","86.8000","86.8200","86.2200"
"2017/05/08","86.5500","4634461.0000","86.3300","86.6200","86.2400"
"2017/05/05","86.5000","4505611.0000","86.5400","86.6100","86.1335"
"2017/05/04","86.4500","5986188.0000","86.8500","87.2400","86.3000"
"2017/05/03","86.4300","6120941.0000","86.3000","86.6300","85.9000"
"2017/05/02","86.2200","12803970.0000","87.2900","87.2900","86.0200"
"2017/05/01","87.0900","4546310.0000","87.3800","87.5967","87.0800"
"2017/04/28","87.3300","8291326.0000","87.5200","87.5900","87.1500"
"2017/04/27","87.6900","8517284.0000","87.5800","88.2400","87.2300"
"2017/04/26","87.7400","11939930.0000","89.8500","90.0000","87.6100"
"2017/04/25","90.0000","9031808.0000","89.5800","90.2500","89.4700"
"2017/04/24","89.5500","8274540.0000","89.1200","89.6550","89.0100"
"2017/04/21","88.6200","9060987.0000","89.1700","89.2800","88.6100"
"2017/04/20","89.3300","6979447.0000","89.7000","89.7000","89.3100"
"2017/04/19","89.6000","6915161.0000","90.1000","90.4500","89.5000"
"2017/04/18","90.8000","7087668.0000","90.4000","91.1300","90.3400"
"2017/04/17","90.3900","6931622.0000","90.2300","90.5900","90.1300"
"2017/04/13","90.0300","5036793.0000","90.0500","90.5400","89.7900"
"2017/04/12","90.3100","6286282.0000","89.7000","90.4210","89.5600"
"2017/04/11","89.8000","5184689.0000","89.6600","89.8200","89.2900"
"2017/04/10","89.4900","5949792.0000","89.1300","89.6790","88.7500"
"2017/04/07","89.2300","4739026.0000","89.4600","89.6100","89.1800"
"2017/04/06","89.4000","7231494.0000","89.7700","89.8100","89.3100"
"2017/04/05","89.9700","6310419.0000","90.0000","90.5000","89.7600"
"2017/04/04","89.9100","5680493.0000","89.7500","89.9600","89.4200"
"2017/04/03","89.6800","6967439.0000","89.8600","90.0600","89.4500"
"2017/03/31","89.8500","6942342.0000","90.0300","90.3400","89.8400"
"2017/03/30","90.2000","3691924.0000","90.5000","90.5680","90.1000"
"2017/03/29","90.6000","4252780.0000","90.5600","90.8700","90.3900"
"2017/03/28","90.7600","11855760.0000","90.1700","91.0599","90.1300"
"2017/03/27","90.4900","10066350.0000","90.4500","90.7150","90.1800"
"2017/03/24","90.5700","9251849.0000","90.7700","90.9150","90.2100"
"2017/03/23","90.7700","6824203.0000","90.9100","91.4600","90.6000"
"2017/03/22","90.9900","7791844.0000","91.3100","91.8000","90.7500"
"2017/03/21","91.1900","8212432.0000","91.3000","91.7500","91.0300"
"2017/03/20","91.2200","7772903.0000","90.9600","91.4100","90.9400"
"2017/03/17","91.0000","37004960.0000","91.4500","92.0000","90.9200"
"2017/03/16","91.4400","6600312.0000","91.4400","91.7199","91.1000"
"2017/03/15","91.4000","7855256.0000","91.0000","91.7800","90.7300"
"2017/03/14","91.0000","6684468.0000","91.2600","91.5900","90.8200"
"2017/03/13","91.3100","7090852.0000","91.0600","91.4900","90.8500"
"2017/03/10","91.0700","6794349.0000","90.8000","91.1600","90.6500"
"2017/03/09","90.3400","5587367.0000","90.1400","90.4900","90.0950"
"2017/03/08","90.1400","5511775.0000","90.0200","90.3500","89.7600"
"2017/03/07","90.2900","5362951.0000","90.1400","90.4900","90.0600"
"2017/03/06","90.3700","6491060.0000","89.8900","90.5100","89.5900"
"2017/03/03","90.5000","8337132.0000","90.8000","90.8200","89.8948"
"2017/03/02","90.9100","7027222.0000","91.4000","91.5850","90.8800"
"2017/03/01","91.6600","8787804.0000","91.0500","91.8900","90.7100"
"2017/02/28","91.0700","10535470.0000","90.9000","91.7900","90.6500"
"2017/02/27","90.8900","11840270.0000","90.5300","90.9100","90.0600"
"2017/02/24","91.0500","6639827.0000","90.9700","91.3400","90.6700"
"2017/02/23","91.1300","7611607.0000","91.6100","91.8000","90.9100"
"2017/02/22","91.4400","6749856.0000","91.4500","91.8000","91.2500"
"2017/02/21","91.6700","9018703.0000","90.5800","91.8000","90.5800"
"2017/02/17","91.0900","12088310.0000","90.6100","91.3600","90.4500"
"2017/02/16","90.7900","12404800.0000","90.9200","91.1200","90.5400"
"2017/02/15","91.1200","25842240.0000","89.8100","91.1500","89.8100"
"2017/02/14","87.8600","20073350.0000","88.0000","88.2200","87.2300"
"2017/02/13","88.3100","6894184.0000","88.0400","88.3550","87.6400"
"2017/02/10","87.9700","11050280.0000","88.5600","88.7300","87.9650"
"2017/02/09","88.6700","9913696.0000","88.2500","88.7800","88.0300"
"2017/02/08","88.3300","6815666.0000","88.0700","88.3400","87.8100"
"2017/02/07","88.0100","6646055.0000","87.6400","88.2800","87.4750"
"2017/02/06","87.4000","7474975.0000","87.5000","87.7850","87.1300"
"2017/02/03","87.4100","7154381.0000","88.1200","88.1700","87.3900"
"2017/02/02","87.7600","8996855.0000","87.6100","88.3500","87.2500"
"2017/02/01","87.3300","8291504.0000","87.0300","87.5900","86.7500"
"2017/01/31","87.6000","9694265.0000","86.6300","87.6600","86.5300"
"2017/01/30","86.7500","7349934.0000","86.7800","86.8600","86.5000"
"2017/01/27","86.7200","9324287.0000","86.4500","86.8500","86.0200"
"2017/01/26","86.6000","6540385.0000","87.1200","87.2300","86.5900"
"2017/01/25","87.1600","8081945.0000","87.8400","87.9000","87.0600"
"2017/01/24","87.8600","8704054.0000","87.2200","87.9500","87.2200"
"2017/01/23","86.9600","9392451.0000","87.0900","87.3500","86.8500"
"2017/01/20","87.4500","22926200.0000","86.8900","87.9750","86.4200"
"2017/01/19","84.7000","14040100.0000","84.6300","85.0000","84.2800"
"2017/01/18","84.9300","10521180.0000","84.8000","85.3000","84.5900"
"2017/01/17","85.2100","13143940.0000","83.9000","85.5800","83.8800"
"2017/01/13","84.0100","6758640.0000","83.8500","84.0200","83.4400"
"2017/01/12","83.8400","6539265.0000","83.7100","83.8800","83.3701"
"2017/01/11","83.7500","9324662.0000","83.3900","83.7500","83.2750"
"2017/01/10","83.4900","10905800.0000","84.3400","84.4300","83.2400"
"2017/01/09","84.4000","10988050.0000","84.0600","84.6600","83.7500"
"2017/01/06","85.0300","4792548.0000","84.9410","85.2500","84.6200"
"2017/01/05","85.0600","6848396.0000","84.4100","85.4274","84.3800"
"2017/01/04","84.5000","8086149.0000","84.4500","84.6016","84.2354"
"2017/01/03","84.2000","8776133.0000","83.8800","84.3900","83.5000"
"2016/12/30","84.0800","6209836.0000","84.1700","84.4500","83.9200"
"2016/12/29","84.3500","3718294.0000","84.2400","84.4900","84.1000"
"2016/12/28","84.0700","4194070.0000","84.4000","84.6300","83.9450"
"2016/12/27","84.6000","3777504.0000","84.8980","84.9400","84.4200"
"2016/12/23","84.9600","5283719.0000","84.6800","85.1800","84.5500"
"2016/12/22","84.4700","7858406.0000","84.0000","84.6100","83.8700"
"2016/12/21","84.2800","6090354.0000","84.1900","84.7250","84.1200"
"2016/12/20","84.5700","7479261.0000","84.5700","84.7100","84.1900"
"2016/12/19","84.7100","6424788.0000","84.7500","84.9750","84.3200"
"2016/12/16","84.6800","20686320.0000","84.9000","85.1200","84.1500"
"2016/12/15","84.6800","8749331.0000","84.1500","84.8000","83.6100"
"2016/12/14","84.3700","12275770.0000","85.2900","85.7400","84.1700"
"2016/12/13","85.1800","11599120.0000","84.6700","85.3600","84.5300"
"2016/12/12","85.1300","7474974.0000","84.2100","85.1844","84.2100"
"2016/12/09","84.3700","7934287.0000","83.5190","84.4000","83.4700"
"2016/12/08","83.5000","7507218.0000","83.7900","84.1800","83.5000"
"2016/12/07","84.1800","8560261.0000","82.7400","84.2800","82.7110"
"2016/12/06","82.9100","7318679.0000","83.2400","83.2500","82.6100"
"2016/12/05","82.9900","8597539.0000","82.5590","83.0800","82.4800"
"2016/12/02","82.4000","9072990.0000","82.3500","82.6800","82.0700"
"2016/12/01","81.8600","12503080.0000","82.2100","82.3200","81.1800"
"2016/11/30","82.4600","12115370.0000","82.5200","82.8300","82.2600"
"2016/11/29","82.8900","6183113.0000","83.4200","83.4800","82.6900"
"2016/11/28","83.0700","6969266.0000","83.1300","83.3600","82.7550"
"2016/11/25","83.4600","3883098.0000","82.9900","83.4600","82.9500"
"2016/11/23","82.6800","10760040.0000","82.5900","82.9300","82.5200"
"2016/11/22","82.7600","7421886.0000","83.0100","83.1817","82.6600"
"2016/11/21","82.6400","11481660.0000","82.1000","82.7500","81.7100"
"2016/11/18","82.0000","14561340.0000","82.9200","83.1000","81.9900"
"2016/11/17","83.0700","9083724.0000","83.2700","83.5000","82.9300"
"2016/11/16","83.1900","8542525.0000","83.9800","84.2000","83.1700"
"2016/11/15","83.6200","9460074.0000","84.5800","84.5800","82.8800"
"2016/11/14","83.0000","12857310.0000","83.5600","83.7800","82.7600"
"2016/11/11","83.5800","8905628.0000","82.6700","84.0550","82.6500"
"2016/11/10","82.9600","22078640.0000","85.5100","85.7000","82.1800"
"2016/11/09","85.9300","11972510.0000","85.2600","86.5422","84.3100"
"2016/11/08","87.4600","7669843.0000","86.7700","87.6900","86.5900"
"2016/11/07","86.5600","8862096.0000","86.0200","86.5700","85.6000"
"2016/11/04","85.0800","9368702.0000","86.6900","86.7300","85.0700"
"2016/11/03","86.6000","6895926.0000","86.8000","86.9800","86.4700"
"2016/11/02","86.7400","7769128.0000","86.7700","87.4100","86.5600"
"2016/11/01","86.8500","8564387.0000","86.5800","86.9900","86.4800"
"2016/10/31","86.8000","8207135.0000","87.0100","87.4700","86.6900"
"2016/10/28","86.8400","7020985.0000","86.8700","87.2300","86.4500"
"2016/10/27","86.5800","6594009.0000","87.5100","87.6000","86.4500"
"2016/10/26","87.4000","8458274.0000","86.9100","87.7400","86.7800"
"2016/10/25","86.9700","20752510.0000","87.4900","88.0800","86.9700"
"2016/10/24","84.1000","10570770.0000","84.3900","84.7000","84.0600"
"2016/10/21","84.3300","13679790.0000","84.4100","84.8600","84.2400"
"2016/10/20","84.9300","10172280.0000","85.3800","85.5200","84.7875"
"2016/10/19","85.5400","12788650.0000","86.6500","86.8200","85.4400"
"2016/10/18","87.4500","10748540.0000","88.2100","88.2700","87.4350"
"2016/10/17","87.8300","7605826.0000","88.4300","88.6500","87.7100"
"2016/10/14","88.4300","7368968.0000","88.5000","88.9600","88.2200"
"2016/10/13","88.2400","11158080.0000","88.0500","88.5700","87.6000"
"2016/10/12","88.5700","17093450.0000","88.7400","89.0100","88.3300"
"2016/10/11","88.5400","11723000.0000","88.8300","89.1200","88.2000"
"2016/10/10","89.0600","15488230.0000","90.1900","90.3300","88.7800"
"2016/10/07","90.0000","20435040.0000","89.0100","90.0500","88.3000"
"2016/10/06","89.2200","60962440.0000","88.8300","89.7300","88.4700"
"2016/10/05","88.8500","64574940.0000","88.4800","89.0000","88.2100"
"2016/10/04","88.3500","23311380.0000","88.2900","88.6800","87.9500"
"2016/10/03","88.6600","26789520.0000","89.3500","89.4500","88.4100"
"2016/09/30","89.7500","123720400.0000","88.3000","90.2200","88.2900"
"2016/09/29","88.2300","74579910.0000","89.1600","89.2700","87.5400"
"2016/09/28","89.4600","89800770.0000","88.9800","89.7250","88.4700"
"2016/09/27","88.3600","65147790.0000","88.0600","88.8100","87.6600"
"2016/09/26","87.8500","60276360.0000","87.4200","88.4300","86.6100"
"2016/09/23","87.7600","48273690.0000","88.6300","88.9350","87.4900"
"2016/09/22","88.9900","52689480.0000","87.7700","89.3000","87.7700"
"2016/09/21","87.8000","55366020.0000","88.5400","88.7900","86.4400"
"2016/09/20","88.5800","33982370.0000","88.5000","88.9488","88.1800"
"2016/09/19","88.3700","19173550.0000","87.9200","88.9500","87.2500"
"2016/09/16","88.0500","23517800.0000","87.6190","88.1100","87.3000"
"2016/09/15","88.0600","13891450.0000","86.7500","88.2700","86.7500"
"2016/09/14","87.0100","25395850.0000","87.1200","87.6000","86.8700"
"2016/09/13","87.0500","19682110.0000","87.5500","87.9100","87.0100"
"2016/09/12","88.2500","16099540.0000","86.0400","88.3800","85.9600"
"2016/09/09","86.2400","21952550.0000","87.1000","87.1700","86.2400"
"2016/09/08","87.7800","23458410.0000","87.9500","88.1800","87.6300"
"2016/09/07","87.9500","17556420.0000","88.3100","88.4100","87.7100"
"2016/09/06","88.6400","14466080.0000","88.2500","88.6400","87.8800"
"2016/09/02","88.2000","17466960.0000","88.4800","88.8700","88.0400"
"2016/09/01","88.3100","29793150.0000","87.3600","88.3100","86.9800"
"2016/08/31","87.3100","11400580.0000","87.7500","87.8500","87.0250"
"2016/08/30","87.5400","11661910.0000","87.7200","88.3000","87.4600"
"2016/08/29","88.3000","8934443.0000","87.3900","88.4000","87.3200"
"2016/08/26","87.5800","16408190.0000","87.8700","88.5000","87.1660"
"2016/08/25","87.9000","10594770.0000","87.3000","87.9400","87.0400"
"2016/08/24","87.3100","5398355.0000","87.3200","87.4500","86.5600"
"2016/08/23","87.4000","5407000.0000","87.1300","87.5000","87.0350"
"2016/08/22","86.8500","5921119.0000","87.1400","87.2100","86.5801"
"2016/08/19","87.3100","6156397.0000","87.2000","87.4100","87.0500"
"2016/08/18","87.4400","7082794.0000","86.9400","87.4600","86.9400"
"2016/08/17","86.9600","6761943.0000","86.4500","87.1100","85.9700"
"2016/08/16","86.5800","8071056.0000","86.9800","87.4000","86.4700"
"2016/08/15","87.0200","6871162.0000","87.5200","87.5700","86.9900"
"2016/08/12","87.0400","8063369.0000","86.9200","87.4500","86.7750"
"2016/08/11","86.7300","7386309.0000","86.7000","87.0000","86.4000"
"2016/08/10","86.3100","5967317.0000","86.2600","86.8200","86.0000"
"2016/08/09","85.9900","4158784.0000","85.8600","86.3410","85.6800"
"2016/08/08","85.7600","5388137.0000","85.6100","85.9000","85.1300"
"2016/08/05","85.7800","6729686.0000","86.0800","86.4400","85.5300"
"2016/08/04","86.0500","5564060.0000","86.1200","86.5300","85.8000"
"2016/08/03","85.9700","8188219.0000","86.5100","86.7200","85.4600"
"2016/08/02","86.7600","13077730.0000","87.0200","87.1500","86.2400"
"2016/08/01","86.4100","10415360.0000","85.4400","86.5800","85.4200"
"2016/07/29","85.5900","7520867.0000","84.8900","85.7900","84.8000"
"2016/07/28","84.8100","5910355.0000","84.4200","84.9795","84.4020"
"2016/07/27","84.4600","7744549.0000","85.2400","85.3000","84.3200"
"2016/07/26","85.2700","5374776.0000","85.6800","86.0800","85.1700"
"2016/07/25","85.8000","5604076.0000","85.5300","85.8000","85.1500"
"2016/07/22","85.7200","6165598.0000","85.5000","85.9800","85.4500"
"2016/07/21","85.2600","5471094.0000","85.0200","85.3700","84.8800"
"2016/07/20","85.3200","6288977.0000","85.3800","85.7300","85.1300"
"2016/07/19","86.1700","6077411.0000","85.6700","86.1800","85.5600"
"2016/07/18","85.9300","4781774.0000","86.0200","86.0500","85.7000"
"2016/07/15","86.0100","8491347.0000","86.2500","86.4800","85.7900"
"2016/07/14","85.8700","11341770.0000","86.4400","86.8900","85.8500"
"2016/07/13","85.8900","7571473.0000","85.8100","86.1500","85.4100"
"2016/07/12","85.7500","6645805.0000","85.4900","85.9400","85.1900"
"2016/07/11","85.7500","6155824.0000","85.6100","85.9500","84.9100"
"2016/07/08","85.7700","6827345.0000","84.9800","85.9000","84.7700"
"2016/07/07","84.8300","7905678.0000","85.2300","85.2400","84.5250"
"2016/07/06","85.0300","8350701.0000","85.3700","85.5000","84.7400"
"2016/07/05","85.4400","11392740.0000","84.4800","85.9500","84.4500"
"2016/07/01","84.7800","9522985.0000","84.5200","84.9900","84.5100"
"2016/06/30","84.6700","10969260.0000","83.9100","84.8000","83.8200"
"2016/06/29","83.9100","7926274.0000","82.9600","83.9100","82.9100"
"2016/06/28","82.4600","9250864.0000","81.4400","82.4900","80.9500"
"2016/06/27","81.2300","9619034.0000","81.8300","81.8900","81.0000"
"2016/06/24","82.2600","12390850.0000","82.6100","83.8200","81.9900"
"2016/06/23","84.2100","7344864.0000","83.8100","84.2100","83.5700"
"2016/06/22","83.5700","4931207.0000","83.5000","83.7600","83.2900"
"2016/06/21","83.4100","6594737.0000","83.0900","83.7800","83.0900"
"2016/06/20","83.0400","6157718.0000","83.5200","83.7000","83.0300"
"2016/06/17","83.1300","11740640.0000","83.3100","83.4400","82.3500"
"2016/06/16","83.4100","6629611.0000","82.6700","83.6090","82.6600"
"2016/06/15","82.9500","7075234.0000","83.4000","83.5000","82.8190"
"2016/06/14","83.3500","6857888.0000","82.5500","83.3700","82.2700"
"2016/06/13","82.5700","6157142.0000","82.9600","83.4000","82.5300"
"2016/06/10","83.2000","6840666.0000","82.7700","83.3400","82.6100"
"2016/06/09","83.1700","6144793.0000","82.5800","83.2600","82.4300"
"2016/06/08","82.6500","4708154.0000","82.3700","82.7500","82.0200"
"2016/06/07","82.3200","6320670.0000","82.7600","82.8900","82.2500"
"2016/06/06","82.7700","5285824.0000","82.4000","82.8300","82.2347"
"2016/06/03","82.4700","6306511.0000","81.9300","82.4900","81.7800"
"2016/06/02","81.9500","5185802.0000","81.5300","81.9500","81.3299"
"2016/06/01","81.7900","6178451.0000","80.9500","81.8000","80.8600"
"2016/05/31","81.0400","6698129.0000","81.5800","81.8200","80.7400"
"2016/05/27","81.4300","4322195.0000","81.2700","81.6600","81.1600"
"2016/05/26","81.2200","4620265.0000","81.4800","81.6000","81.0900"
"2016/05/25","81.4800","6050615.0000","81.0800","81.7801","81.0100"
"2016/05/24","80.9700","6292952.0000","80.3000","81.3800","80.3000"
"2016/05/23","80.2000","5620785.0000","80.0500","80.3300","79.8500"
"2016/05/20","80.0200","6526594.0000","80.4400","80.5000","79.7901"
"2016/05/19","80.1900","6237775.0000","79.6400","80.2250","79.4500"
"2016/05/18","79.8500","8344056.0000","80.5900","80.7700","79.4130"
"2016/05/17","80.6200","10188200.0000","81.6400","82.0600","80.3250"
"2016/05/16","81.6300","6496636.0000","81.0100","81.8900","80.7500"
"2016/05/13","81.2300","6569550.0000","82.4200","82.4200","81.0000"
"2016/05/12","82.4100","4920745.0000","82.4800","82.7400","82.1100"
"2016/05/11","82.1500","5973539.0000","82.5000","82.8850","82.1300"
"2016/05/10","82.4800","6223158.0000","82.1500","82.6799","82.1200"
"2016/05/09","82.1200","6718307.0000","82.2100","82.7300","81.9650"
"2016/05/06","82.1300","6297739.0000","81.4200","82.2500","81.1700"
"2016/05/05","81.3000","6399849.0000","81.6000","82.0900","80.9200"
"2016/05/04","81.6000","7365495.0000","80.8700","81.7700","80.8700"
"2016/05/03","81.1000","7608329.0000","80.8000","81.7000","80.6900"
"2016/05/02","80.9700","7853653.0000","80.0200","81.3000","80.0200"
"2016/04/29","80.1200","9390952.0000","79.6700","80.1500","79.3700"
"2016/04/28","79.7600","7615796.0000","79.4800","80.2650","79.3900"
"2016/04/27","79.8900","7688888.0000","79.4700","80.1500","79.1000"
"2016/04/26","79.5500","13664640.0000","81.5000","81.5000","79.2100"
"2016/04/25","81.4100","7646862.0000","80.9200","81.4800","80.4200"
"2016/04/22","80.9500","8023703.0000","80.4000","80.9500","79.9100"
"2016/04/21","80.8000","8801043.0000","81.0400","81.3100","80.5500"
"2016/04/20","81.5500","9123197.0000","83.2900","83.3400","81.4800"
"2016/04/19","83.2800","6600606.0000","82.9100","83.7000","82.8500"
"2016/04/18","82.8300","5621770.0000","82.2900","82.9900","82.0200"
"2016/04/15","82.3000","7298859.0000","82.0500","82.4300","81.8540"
"2016/04/14","82.0100","6904388.0000","81.9500","82.3650","81.5400"
"2016/04/13","82.4600","11730130.0000","83.0500","83.4300","81.8400"
"2016/04/12","82.8300","7077762.0000","82.7100","83.2100","82.4500"
"2016/04/11","82.7300","7081421.0000","83.0300","83.3400","82.6600"
"2016/04/08","83.2000","5452533.0000","83.4400","83.4500","82.7700"
"2016/04/07","83.2400","6655822.0000","83.2400","83.6800","82.8700"
"2016/04/06","83.8100","6291745.0000","83.1400","83.8400","83.0800"
"2016/04/05","83.1600","5259064.0000","83.1600","83.5600","82.9850"
"2016/04/04","83.2100","5588361.0000","83.6500","83.6500","83.0300"
"2016/04/01","83.5300","8028506.0000","82.0000","83.6200","81.9300"
"2016/03/31","82.3100","6819225.0000","82.7500","83.0000","82.1533"
"2016/03/30","82.6800","6925015.0000","83.0900","83.3600","82.6500"
"2016/03/29","82.8000","6726154.0000","82.6600","83.0901","82.1600"
"2016/03/28","82.6200","4988467.0000","82.9900","83.4500","82.5200"
"2016/03/24","82.8900","6445546.0000","82.4600","83.1199","82.4300"
"2016/03/23","82.8200","5594495.0000","82.7200","83.4900","82.5800"
"2016/03/22","82.7400","7205943.0000","83.2800","83.3200","82.4850"
"2016/03/21","83.3200","8625277.0000","83.1200","83.8700","82.9100"
"2016/03/18","83.1500","33651060.0000","82.8600","83.5000","82.4400"
"2016/03/17","82.7500","12055280.0000","81.2900","83.2250","81.2800"
"2016/03/16","81.3400","9489474.0000","81.3100","81.8000","80.4800"
"2016/03/15","81.3100","9273972.0000","81.0000","81.4600","80.7600"
"2016/03/14","81.1700","12382740.0000","81.5700","81.8520","80.6800"
"2016/03/11","81.7500","11105580.0000","82.7500","82.8000","81.4400"
"2016/03/10","82.2800","10385370.0000","83.1300","83.2300","81.7500"
"2016/03/09","82.9600","8949675.0000","83.3000","83.6900","82.6800"
"2016/03/08","83.0600","7788334.0000","82.9700","83.7500","82.6700"
"2016/03/07","83.1000","6787497.0000","83.1800","83.7000","83.0000"
"2016/03/04","83.4900","9401559.0000","82.6200","83.7400","82.2600"
"2016/03/03","82.8400","8747005.0000","82.5400","82.9300","82.1800"
"2016/03/02","82.5500","12096530.0000","81.5800","82.6600","80.8500"
"2016/03/01","81.2300","9469107.0000","80.5400","81.3650","80.5300"
"2016/02/29","80.2900","11046320.0000","81.1000","81.3500","80.2100"
"2016/02/26","81.1000","9280858.0000","82.5200","82.6500","80.9500"
"2016/02/25","82.3400","6788653.0000","81.7000","82.3400","81.4700"
"2016/02/24","81.5600","6758871.0000","81.2600","81.6400","80.6600"
"2016/02/23","81.8100","5840568.0000","82.0000","82.4600","81.6150"
"2016/02/22","82.1300","6914892.0000","82.0700","82.6700","81.7100"
"2016/02/19","81.7900","7709648.0000","81.9600","82.2600","81.4000"
"2016/02/18","81.9800","7700581.0000","82.2300","82.3200","81.2100"
"2016/02/17","82.4500","10886800.0000","81.6500","82.8300","81.5100"
"2016/02/16","81.4700","9342099.0000","81.9900","81.9900","80.8400"
"2016/02/12","80.9900","9297767.0000","80.3600","81.0200","79.7900"
"2016/02/11","79.9000","12340260.0000","80.3900","80.9900","79.6300"
"2016/02/10","81.6200","10584150.0000","82.9100","83.0000","81.4600"
"2016/02/09","82.6400","14306580.0000","81.8300","83.0000","81.0210"
"2016/02/08","82.6200","16527830.0000","80.2900","82.7200","80.2900"
"2016/02/05","81.2000","9957558.0000","80.5800","81.2000","80.5700"
"2016/02/04","80.7000","8294539.0000","80.8500","81.1000","80.3300"
"2016/02/03","81.1000","10149270.0000","80.4800","81.2400","80.0200"
"2016/02/02","80.2200","9116385.0000","80.0900","80.5400","79.8100"
"2016/02/01","81.1200","9584124.0000","81.2100","81.4000","80.5300"
"2016/01/29","81.6900","19893530.0000","79.9800","82.0000","79.8300"
"2016/01/28","79.8200","9892971.0000","79.4000","80.0000","78.6100"
"2016/01/27","78.8000","10814660.0000","78.5300","79.8500","78.1500"
"2016/01/26","78.8100","16374040.0000","78.0000","79.5800","77.5400"
"2016/01/25","76.8500","9869407.0000","77.2000","77.3600","76.5571"
"2016/01/22","77.3600","9459998.0000","77.4000","77.9700","76.5500"
"2016/01/21","76.7200","12710400.0000","76.0200","77.1800","75.4100"
"2016/01/20","75.8300","17790880.0000","75.2900","76.0900","74.4600"
"2016/01/19","76.7300","13099860.0000","75.8000","76.9100","75.7200"
"2016/01/15","74.9800","17011920.0000","74.5000","75.6800","74.4700"
"2016/01/14","76.1500","12822160.0000","76.1000","76.9495","75.8800"
"2016/01/13","75.8500","9240175.0000","76.9700","76.9900","75.7900"
"2016/01/12","76.5100","8762405.0000","77.0000","77.0200","75.7500"
"2016/01/11","76.6700","10205470.0000","76.1700","77.0400","75.6000"
"2016/01/08","75.9700","9665450.0000","77.3600","77.4800","75.6710"
"2016/01/07","77.1800","11972000.0000","76.8500","77.6000","76.0700"
"2016/01/06","77.8600","9550999.0000","77.6700","78.2850","77.1200"
"2016/01/05","78.6200","7944629.0000","78.4400","78.9600","78.2100"
"2016/01/04","78.3700","11518700.0000","78.3600","78.5000","77.5400"
"2015/12/31","79.4100","5077734.0000","79.9100","80.0400","79.3100"
"2015/12/30","80.0700","3786357.0000","80.4600","80.5000","80.0000"
"2015/12/29","80.3600","4405379.0000","80.2200","80.6100","79.8500"
"2015/12/28","79.9200","4149917.0000","79.7400","79.9653","79.4700"
"2015/12/24","79.7900","2498020.0000","79.6600","80.1500","79.6000"
"2015/12/23","79.9200","8253571.0000","79.9500","80.4300","79.5000"
"2015/12/22","79.6000","9867352.0000","79.1600","79.7450","78.8800"
"2015/12/21","78.9500","9089798.0000","78.6300","78.9800","78.1500"
"2015/12/18","78.1300","21033300.0000","79.9500","80.1200","78.1300"
"2015/12/17","80.2900","9853321.0000","80.9800","81.0300","80.2000"
"2015/12/16","80.9900","14094240.0000","79.9800","81.2300","79.8000"
"2015/12/15","79.6800","14113320.0000","78.7100","80.0000","78.4800"
"2015/12/14","78.2900","12168250.0000","77.6300","78.5300","77.4400"
"2015/12/11","77.7800","12280440.0000","77.5100","78.3300","77.1100"
"2015/12/10","77.7900","8984147.0000","77.9100","78.5400","77.5700"
"2015/12/09","77.7000","10075970.0000","77.6000","78.9900","77.4400"
"2015/12/08","77.7500","8312676.0000","77.6800","78.5000","77.3500"
"2015/12/07","78.3700","9454228.0000","77.5400","78.5000","77.5400"
"2015/12/04","77.8300","11959700.0000","75.9800","77.9000","75.9200"
"2015/12/03","75.7400","11178640.0000","75.8300","76.2000","75.1700"
"2015/12/02","75.7900","8104035.0000","75.7300","76.4600","75.6500"
"2015/12/01","75.9400","8383561.0000","74.8700","76.2200","74.8700"
"2015/11/30","74.8400","8745541.0000","75.5800","75.8100","74.8400"
"2015/11/27","75.7000","2390080.0000","75.8900","76.3700","75.5000"
"2015/11/25","75.9000","4261583.0000","76.5300","76.7400","75.8800"
"2015/11/24","76.4500","7075430.0000","75.6200","76.6900","75.6100"
"2015/11/23","75.9700","9412828.0000","75.8200","76.0600","75.4000"
"2015/11/20","75.8200","9533185.0000","76.5500","76.8600","75.6800"
"2015/11/19","76.2200","7899384.0000","76.1400","76.9600","76.0200"
"2015/11/18","75.9000","6429414.0000","74.9800","75.9600","74.8100"
"2015/11/17","75.0700","8750800.0000","75.3300","76.0100","74.8700"
"2015/11/16","75.3000","7390411.0000","74.2500","75.3250","74.0100"
"2015/11/13","73.9600","8457349.0000","74.6400","74.9800","73.9500"
"2015/11/12","74.6600","7668112.0000","75.6700","76.0100","74.6600"
"2015/11/11","75.9600","5292707.0000","76.0200","76.4300","75.9200"
"2015/11/10","75.7700","6550992.0000","75.3800","76.2400","75.2300"
"2015/11/09","75.4000","8607149.0000","75.1900","75.6300","74.9300"
"2015/11/06","75.5700","9479152.0000","75.8800","76.0000","74.6950"
"2015/11/05","76.3900","6854151.0000","77.0900","77.2600","75.9600"
"2015/11/04","77.0600","6376014.0000","77.0300","77.1400","76.5090"
"2015/11/03","77.0500","8013181.0000","76.3000","77.4200","75.9600"
"2015/11/02","76.6000","7139186.0000","76.5700","76.7700","76.0500"
"2015/10/30","76.3800","9539662.0000","76.9800","77.1400","76.3800"
"2015/10/29","77.0200","8230730.0000","76.7500","77.1900","76.2400"
"2015/10/28","76.5100","10161940.0000","77.3900","77.5400","75.6900"
"2015/10/27","77.2900","9423215.0000","77.1200","77.3600","76.8050"
"2015/10/26","77.4900","11454270.0000","77.0000","77.9000","77.0000"
"2015/10/23","77.0300","16443240.0000","76.7600","78.4500","76.3100"
"2015/10/22","74.8500","13985620.0000","73.8600","75.6100","73.6100"
"2015/10/21","73.5900","8320070.0000","73.7500","74.5400","73.5000"
"2015/10/20","74.4300","8529907.0000","74.8700","75.0500","74.1640"
"2015/10/19","75.1600","7287288.0000","74.6500","75.1900","74.5300"
"2015/10/16","74.9000","8968190.0000","74.7200","75.0400","74.3400"
"2015/10/15","74.2700","8600065.0000","74.6400","74.8400","74.0300"
"2015/10/14","74.2100","8478970.0000","74.2100","74.6100","73.9000"
"2015/10/13","74.1100","8376674.0000","74.2400","74.2800","73.6600"
"2015/10/12","74.3300","6249472.0000","74.6900","74.7600","73.9100"
"2015/10/09","74.4800","6875466.0000","74.5900","74.9100","74.3200"
"2015/10/08","74.4000","6851171.0000","73.6800","74.4400","73.4900"
"2015/10/07","73.7200","8025562.0000","73.7200","73.8700","73.3230"
"2015/10/06","73.4000","8830856.0000","73.3400","73.7750","72.5900"
"2015/10/05","73.2200","9183371.0000","72.9700","73.4300","72.5000"
"2015/10/02","72.4200","9078922.0000","71.3600","72.4200","71.2900"
"2015/10/01","71.9500","8541398.0000","71.7600","72.1800","71.3950"
"2015/09/30","71.9400","11037500.0000","72.8600","73.0600","71.5500"
"2015/09/29","72.2800","9023525.0000","71.7700","72.4100","71.3500"
"2015/09/28","71.7700","9206783.0000","72.3100","72.6700","71.7500"
"2015/09/25","72.6700","15069350.0000","72.3900","73.3800","71.9500"
"2015/09/24","71.3600","13396290.0000","69.8200","71.5800","69.7400"
"2015/09/23","70.2600","5574443.0000","70.1800","70.4900","69.9600"
"2015/09/22","70.1900","10195070.0000","70.0600","70.6528","69.9800"
"2015/09/21","70.6500","7736711.0000","70.1500","70.8800","70.0100"
"2015/09/18","69.9400","18193100.0000","69.4400","70.7800","69.3700"
"2015/09/17","70.2400","10895940.0000","70.0000","71.2700","69.8600"
"2015/09/16","70.1000","8696807.0000","70.1200","70.3600","69.7000"
"2015/09/15","69.4500","11015900.0000","68.0200","69.7400","67.9000"
"2015/09/14","68.0600","9677088.0000","68.2300","68.3000","67.3300"
"2015/09/11","68.4200","10676860.0000","68.0600","68.5100","67.7300"
"2015/09/10","68.3200","12527070.0000","68.1200","68.9465","67.7500"
"2015/09/09","68.4800","11018430.0000","70.4400","70.5400","68.3700"
"2015/09/08","69.9800","9182153.0000","70.3100","70.4400","69.5600"
"2015/09/04","68.7600","11480800.0000","69.2800","69.2800","68.5000"
"2015/09/03","69.9300","8199320.0000","70.1800","70.4600","69.7000"
"2015/09/02","69.8100","8897312.0000","69.6500","69.8500","69.2238"
"2015/09/01","68.9000","15358610.0000","69.3700","69.8800","68.5200"
"2015/08/31","70.6700","9482767.0000","71.0000","71.0000","70.3000"
"2015/08/28","71.2100","10013180.0000","71.1700","71.2700","70.5900"
"2015/08/27","71.4800","13016330.0000","71.4000","71.7500","70.0200"
"2015/08/26","70.9000","17430110.0000","69.9000","71.0000","68.9500"
"2015/08/25","68.4200","21062930.0000","72.1800","72.2300","68.3000"
"2015/08/24","69.1400","23690540.0000","68.5700","71.0700","65.0200"
"2015/08/21","71.8400","15394120.0000","73.5500","73.9000","71.8300"
"2015/08/20","73.9100","10694660.0000","73.7500","74.7250","73.4600"
"2015/08/19","74.1200","9861143.0000","74.9300","74.9300","74.0200"
"2015/08/18","75.1300","7425663.0000","75.5800","75.8000","75.0000"
"2015/08/17","75.5300","8663445.0000","75.8100","75.8100","74.7500"
"2015/08/14","75.6200","5586111.0000","75.7400","75.8100","75.3800"
"2015/08/13","75.7800","5940531.0000","76.4900","76.5100","75.6300"
"2015/08/12","76.3900","10478920.0000","75.8900","76.4300","75.3400"
"2015/08/11","76.2200","7480270.0000","76.0400","76.4500","75.8100"
"2015/08/10","76.3800","9152101.0000","75.9500","76.5000","75.8000"
"2015/08/07","75.4800","10045310.0000","75.5900","75.7200","75.3400"
"2015/08/06","75.7400","9352802.0000","76.0100","76.0100","75.2500"
"2015/08/05","75.7700","10887670.0000","76.0500","76.5400","75.7500"
"2015/08/04","75.9100","13333100.0000","76.0300","76.3400","75.7500"
"2015/08/03","76.4000","9487840.0000","76.5100","77.0900","76.0100"
"2015/07/31","76.7000","11876940.0000","77.6300","77.7400","76.6600"
"2015/07/30","77.3900","22056140.0000","79.4000","79.4800","77.1500"
"2015/07/29","80.6200","8904631.0000","80.2600","80.9900","80.1600"
"2015/07/28","80.2300","8562889.0000","80.1400","80.6600","79.9100"
"2015/07/27","79.9700","8590457.0000","79.8300","80.0700","79.4250"
"2015/07/24","80.2900","5484416.0000","80.5100","80.7300","80.2300"
"2015/07/23","80.7000","5380845.0000","80.8300","80.8900","80.1400"
"2015/07/22","80.8300","6095841.0000","81.0300","81.3000","80.6700"
"2015/07/21","81.6300","7502207.0000","82.0100","82.1300","81.3700"
"2015/07/20","82.1900","5012781.0000","82.0900","82.3500","82.0000"
"2015/07/17","82.2400","5827266.0000","81.8900","82.3800","81.6000"
"2015/07/16","82.3000","6623398.0000","82.4500","82.5500","82.1000"
"2015/07/15","82.1500","6673662.0000","81.9100","82.3200","81.8400"
"2015/07/14","82.0400","6112511.0000","82.0400","82.4600","81.9800"
"2015/07/13","81.9100","7332427.0000","81.5200","82.0400","81.3400"
"2015/07/10","80.9500","6892363.0000","81.2300","81.3599","80.7600"
"2015/07/09","80.6600","10418950.0000","81.7500","82.0000","80.5200"
"2015/07/08","80.9900","6724559.0000","81.2100","81.6900","80.8900"
"2015/07/07","81.7200","11589400.0000","80.0600","81.8300","80.0600"
"2015/07/06","80.0500","6593739.0000","79.6100","80.2200","79.5000"
"2015/07/02","79.9300","6591981.0000","80.0100","80.3500","79.7700"
"2015/07/01","79.7200","8867990.0000","78.3900","79.7650","78.1200"
"2015/06/30","78.2400","8444119.0000","78.9200","79.0100","78.1300"
"2015/06/29","78.3200","7923604.0000","78.9500","79.3700","78.2600"
"2015/06/26","79.3400","7702091.0000","79.5400","79.7400","79.2800"
"2015/06/25","79.3900","5855728.0000","79.7100","79.9000","79.3900"
"2015/06/24","79.5100","8842707.0000","79.8000","79.8500","79.5000"
"2015/06/23","79.7900","7165265.0000","80.3300","80.4500","79.6200"
"2015/06/22","80.4500","6907185.0000","80.9200","81.1800","80.3300"
"2015/06/19","80.5400","15392840.0000","80.7100","81.2000","80.4800"
"2015/06/18","80.8200","10707590.0000","80.3300","81.2200","80.3000"
"2015/06/17","80.0800","9305676.0000","79.2000","80.1900","79.1600"
"2015/06/16","79.1000","8280135.0000","79.6000","79.6000","78.5350"
"2015/06/15","78.1200","7512404.0000","78.3300","78.4550","77.9300"
"2015/06/12","78.8700","6504311.0000","79.1700","79.3200","78.5700"
"2015/06/11","79.4100","7616616.0000","79.9300","79.9300","79.2400"
"2015/06/10","79.5400","9460977.0000","79.2300","79.7900","79.0100"
"2015/06/09","78.9000","11513490.0000","77.9700","79.3300","77.8200"
"2015/06/08","77.7100","10915900.0000","77.4800","77.9834","77.1000"
"2015/06/05","77.4300","9425609.0000","78.0400","78.1200","77.3700"
"2015/06/04","78.1500","7714304.0000","78.4100","78.8400","78.0600"
"2015/06/03","78.5600","5985530.0000","78.9100","78.9300","78.2700"
"2015/06/02","78.5400","7361858.0000","78.4600","78.7200","78.1700"
"2015/06/01","78.8500","7577343.0000","78.6500","79.0700","78.2700"
"2015/05/29","78.3900","12504320.0000","79.1800","79.2400","78.1900"
"2015/05/28","79.3300","5799033.0000","79.4300","79.4500","79.0200"
"2015/05/27","79.3900","8094509.0000","79.2200","79.9400","79.0900"
"2015/05/26","79.1400","6666214.0000","79.9700","80.0651","78.9400"
"2015/05/22","79.9500","5986335.0000","80.2400","80.4000","79.9200"
"2015/05/21","80.4100","6055592.0000","80.1700","80.5800","79.8400"
"2015/05/20","80.4800","5469358.0000","80.9300","81.0000","80.4500"
"2015/05/19","80.8300","5718135.0000","80.7500","80.9500","80.3300"
"2015/05/18","80.7400","5580524.0000","80.9700","81.1300","80.5000"
"2015/05/15","81.0500","7199134.0000","80.8300","81.1200","80.7300"
"2015/05/14","80.5700","5634148.0000","80.1100","80.6900","80.0900"
"2015/05/13","79.7000","6459619.0000","80.1600","80.5900","79.5500"
"2015/05/12","79.9500","6298308.0000","80.0300","80.2900","79.3600"
"2015/05/11","80.2700","5227572.0000","80.9500","80.9900","80.2600"
"2015/05/08","80.9600","6929376.0000","80.8900","81.2100","80.8200"
"2015/05/07","80.2000","7216008.0000","80.3700","80.5500","80.0000"
"2015/05/06","80.4000","7335056.0000","80.3400","80.5800","79.5200"
"2015/05/05","80.0700","6589434.0000","80.5000","80.6500","79.7800"
"2015/05/04","80.3500","7193074.0000","80.4800","80.9651","80.2950"
"2015/05/01","80.2900","8185224.0000","79.7600","80.3200","79.6300"
"2015/04/30","79.5100","9388417.0000","79.9500","80.1500","79.0700"
"2015/04/29","79.8500","11837960.0000","80.0000","80.3100","79.7200"
"2015/04/28","80.4200","8395450.0000","80.7300","80.8200","80.1900"
"2015/04/27","80.6000","9188488.0000","80.9100","81.2000","80.4700"
"2015/04/24","81.0000","8785441.0000","81.0400","81.5300","80.9000"
"2015/04/23","80.9500","14553690.0000","81.4150","82.1000","80.9000"
"2015/04/22","83.0900","6742352.0000","83.2200","83.3400","82.6000"
"2015/04/21","83.0800","7685744.0000","83.3900","83.8000","82.9000"
"2015/04/20","82.8700","7415328.0000","83.0900","83.9800","82.8000"
"2015/04/17","82.5300","9108958.0000","83.0000","83.2200","82.0300"
"2015/04/16","83.5000","7514765.0000","83.5600","84.0700","83.3500"
"2015/04/15","83.5100","7004309.0000","83.8500","84.2000","83.4800"
"2015/04/14","83.6000","6779917.0000","83.3900","83.8800","83.0500"
"2015/04/13","83.4300","8286169.0000","83.0000","83.9500","82.9400"
"2015/04/10","83.3500","6995586.0000","82.8000","83.6300","82.7150"
"2015/04/09","82.8900","6184986.0000","82.6300","82.9500","82.0100"
"2015/04/08","82.7700","6523054.0000","82.3000","83.1800","82.2700"
"2015/04/07","82.3900","6330108.0000","82.9300","83.2900","82.3300"
"2015/04/06","83.0400","6851886.0000","81.9200","83.2250","81.5100"
"2015/04/02","82.4300","6169783.0000","82.1700","82.5900","81.9150"
"2015/04/01","82.3200","7394887.0000","82.4400","82.4500","81.4503"
"2015/03/31","81.9400","8649198.0000","82.7600","82.9300","81.9400"
"2015/03/30","82.7200","6410945.0000","82.6300","82.9500","82.1500"
"2015/03/27","82.3100","6441373.0000","82.0800","82.5400","81.9901"
"2015/03/26","82.1500","7307573.0000","82.5800","82.6100","81.9500"
"2015/03/25","83.0100","8481956.0000","84.3700","84.3700","82.8600"
"2015/03/24","83.9200","7456443.0000","84.8900","85.1100","83.8700"
"2015/03/23","84.8600","9879242.0000","84.3700","85.0500","84.3600"
"2015/03/20","84.7400","22145260.0000","83.9900","84.7900","83.7700"
"2015/03/19","83.3800","9239424.0000","83.4600","83.7500","83.1200"
"2015/03/18","83.7500","12602820.0000","82.8600","84.0500","82.0200"
"2015/03/17","82.8500","7509223.0000","83.3600","83.3700","82.4300"
"2015/03/16","83.5600","15618240.0000","82.0800","83.9500","81.9900"
"2015/03/13","81.8300","7483326.0000","81.9800","82.2800","81.1500"
"2015/03/12","82.0900","6951008.0000","81.5900","82.1150","81.5100"
"2015/03/11","81.3900","10066380.0000","81.5300","81.7800","80.8110"
"2015/03/10","81.5400","9680836.0000","82.4700","82.8800","81.5400"
"2015/03/09","83.0900","7078677.0000","82.7900","83.2100","82.6800"
"2015/03/06","82.6600","11338560.0000","84.3400","84.3700","82.3700"
"2015/03/05","84.6300","5904022.0000","84.6200","84.7600","84.0900"
"2015/03/04","84.3500","7342451.0000","85.0400","85.2400","84.2100"
"2015/03/03","85.1600","6085191.0000","85.3500","85.4400","84.5400"
"2015/03/02","85.4100","7235072.0000","85.0200","85.4100","84.8400"
"2015/02/27","85.1300","7674051.0000","85.0200","85.3800","84.5700"
"2015/02/26","85.1700","7964161.0000","85.4200","85.7600","84.8900"
"2015/02/25","85.4600","5970334.0000","85.7000","85.7950","85.2399"
"2015/02/24","85.5000","6501292.0000","85.5100","85.7400","85.0100"
"2015/02/23","85.3900","7915600.0000","84.9600","85.5000","84.6500"
"2015/02/20","84.8700","9575040.0000","84.9500","85.0500","84.1900"
"2015/02/19","85.2100","7267551.0000","86.1100","86.3000","85.0500"
"2015/02/18","86.2600","8131866.0000","85.7600","86.3900","85.5200"
"2015/02/17","85.4900","10292980.0000","86.0600","86.0600","85.0000"
"2015/02/13","85.9000","6271749.0000","86.0300","86.1500","85.5000"
"2015/02/12","86.0300","6073321.0000","86.0600","86.1460","85.4100"
"2015/02/11","85.6400","7184152.0000","85.9500","86.2000","85.1449"
"2015/02/10","85.3900","7059632.0000","85.3300","85.5700","84.8200"
"2015/02/09","85.0500","8811512.0000","85.3100","85.4300","84.5900"
"2015/02/06","85.6100","8426107.0000","86.5600","86.6100","85.1500"
"2015/02/05","86.7000","6393777.0000","86.2400","86.7800","86.1000"
"2015/02/04","85.7900","9212670.0000","85.8900","86.4800","85.5500"
"2015/02/03","85.9500","10747750.0000","85.9500","86.0000","85.1200"
"2015/02/02","85.1200","10274620.0000","84.5800","85.1400","83.6800"
"2015/01/30","84.2900","14683740.0000","85.0900","85.2245","84.2500"
"2015/01/29","85.6700","12054550.0000","85.7800","86.1100","85.1500"
"2015/01/28","85.1500","14031710.0000","86.6300","86.9100","85.0100"
"2015/01/27","86.4900","14415320.0000","87.1000","87.2100","86.0200"
"2015/01/26","89.5800","9370246.0000","89.9500","89.9500","88.7400"
"2015/01/23","90.0800","6745113.0000","91.1700","91.1900","89.9500"
"2015/01/22","91.6200","7209727.0000","91.0400","91.6900","89.8700"
"2015/01/21","90.7300","6974523.0000","90.4000","91.1900","89.6300"
"2015/01/20","91.1900","9874244.0000","91.2500","91.7900","90.5000"
"2015/01/16","91.2500","8811480.0000","89.9500","91.3400","89.8700"
"2015/01/15","89.8600","6768130.0000","90.4900","90.5000","89.3400"
"2015/01/14","89.9900","6418158.0000","89.7300","90.1600","89.4312"
"2015/01/13","90.3000","6730752.0000","90.7800","91.5000","89.7700"
"2015/01/12","89.9200","5250798.0000","90.4750","90.6200","89.5050"
"2015/01/09","90.2500","4873097.0000","91.1800","91.1800","90.1200"
"2015/01/08","91.1000","6831358.0000","90.4800","91.2250","90.1300"
"2015/01/07","90.0700","5986899.0000","89.9400","90.3700","89.5626"
"2015/01/06","89.6000","7791010.0000","90.3100","90.5600","89.2600"
"2015/01/05","90.0100","8625553.0000","90.2300","91.0000","89.8500"
"2015/01/02","90.4400","7253894.0000","90.8400","91.0000","89.9200"
"2014/12/31","91.0900","5712138.0000","92.0400","92.5500","91.0300"
"2014/12/30","92.4000","4730012.0000","92.2500","92.8200","92.1000"
"2014/12/29","92.6400","4652872.0000","93.1200","93.4300","92.5000"
"2014/12/26","93.4600","3148746.0000","93.1500","93.8060","93.0600"
"2014/12/24","93.1400","2408140.0000","93.5000","93.8900","93.1400"
"2014/12/23","93.2900","5610590.0000","92.7400","93.4800","92.7000"
"2014/12/22","92.6000","7155205.0000","92.1000","92.7300","92.0000"
"2014/12/19","92.0500","14029940.0000","92.1500","92.7300","91.7600"
"2014/12/18","92.0000","8707666.0000","91.0100","92.0000","90.5500"
"2014/12/17","90.7000","7415115.0000","89.5600","91.1600","89.4000"
"2014/12/16","89.3600","8775895.0000","89.1400","90.9600","88.3800"
"2014/12/15","89.2000","6511895.0000","89.7000","90.6000","89.0300"
"2014/12/12","89.5500","6574519.0000","90.0100","90.9700","89.5300"
"2014/12/11","90.4100","6468676.0000","90.0000","91.2800","89.9800"
"2014/12/10","90.0000","6293222.0000","90.9500","91.1000","89.9600"
"2014/12/09","90.7100","5701508.0000","90.4700","90.7800","89.8700"
"2014/12/08","90.7600","4723841.0000","90.3400","91.0000","90.3200"
"2014/12/05","90.3800","6383230.0000","90.3200","90.4200","89.2100"
"2014/12/04","90.5800","6410436.0000","90.5000","90.9400","90.1000"
"2014/12/03","90.0000","6465627.0000","90.8400","90.9700","89.6400"
"2014/12/02","91.0700","7432853.0000","90.4400","91.1700","90.1200"
"2014/12/01","90.0800","6744687.0000","90.1700","90.6700","89.5200"
"2014/11/28","90.4300","7661778.0000","89.0900","90.5600","88.9700"
"2014/11/26","88.8800","4419983.0000","88.8300","88.8800","88.4500"
"2014/11/25","88.8000","6439590.0000","88.3600","88.8200","88.0800"
"2014/11/24","88.1100","5569245.0000","88.8800","88.8900","87.8600"
"2014/11/21","88.6000","8981741.0000","89.2600","89.4300","88.4600"
"2014/11/20","88.4700","5527565.0000","88.3300","88.8000","88.3300"
"2014/11/19","88.7300","6564738.0000","88.2400","88.8700","87.9300"
"2014/11/18","87.9500","6419441.0000","88.0200","88.1800","87.4900"
"2014/11/17","87.8400","9475739.0000","88.0000","88.1800","87.3700"
"2014/11/14","88.1100","7559371.0000","88.7000","88.8900","87.9300"
"2014/11/13","88.6000","10181590.0000","88.9400","89.8400","88.4600"
"2014/11/12","89.4800","6298570.0000","89.6000","89.8800","89.4200"
"2014/11/11","89.6700","6343916.0000","89.3800","89.7900","89.1700"
"2014/11/10","89.4500","5916891.0000","88.9200","89.5000","88.2600"
"2014/11/07","89.1300","5970903.0000","88.7400","89.2000","88.2500"
"2014/11/06","88.9000","6623258.0000","89.0800","89.2000","88.5700"
"2014/11/05","89.0000","8456249.0000","88.7400","89.4900","88.3600"
"2014/11/04","88.6400","10593890.0000","87.4900","88.8700","87.4400"
"2014/11/03","87.3800","7788989.0000","86.6600","87.3900","86.2000"
"2014/10/31","87.2700","9352998.0000","87.0800","87.3600","86.7100"
"2014/10/30","86.9400","5554176.0000","86.1600","87.0000","85.6700"
"2014/10/29","86.5400","6874630.0000","86.6700","86.6700","85.9100"
"2014/10/28","86.4700","9436620.0000","86.2000","86.6500","86.1700"
"2014/10/27","85.9500","10298760.0000","84.9600","86.4800","84.8300"
"2014/10/24","85.1600","13446930.0000","85.1000","85.9700","84.9100"
"2014/10/23","83.2300","14291970.0000","84.2600","84.3300","82.3000"
"2014/10/22","84.2300","9747540.0000","84.0600","84.5900","83.9200"
"2014/10/21","84.6100","12389590.0000","84.4700","84.6400","83.6600"
"2014/10/20","84.1800","8543274.0000","83.2500","84.3300","82.8300"
"2014/10/17","83.2700","11664760.0000","82.9500","83.4800","82.0300"
"2014/10/16","82.2400","11310180.0000","81.6500","82.8000","81.5700"
"2014/10/15","82.9500","13278090.0000","82.5900","83.5800","81.7600"
"2014/10/14","83.5500","8210323.0000","83.9100","83.9100","83.0300"
"2014/10/13","83.3700","10065900.0000","84.3100","84.4700","83.3100"
"2014/10/10","84.6900","13732400.0000","83.9500","85.2800","83.9100"
"2014/10/09","83.6600","7764006.0000","84.2100","84.8800","83.5300"
"2014/10/08","84.1800","8107110.0000","83.3400","84.2800","83.2100"
"2014/10/07","83.1600","7376887.0000","83.3800","83.9200","83.1200"
"2014/10/06","83.5700","5643730.0000","83.5700","83.9400","83.1900"
"2014/10/03","83.7900","6701541.0000","83.4400","83.9450","82.8800"
"2014/10/02","83.0500","8858352.0000","83.1000","83.9700","82.9500"
"2014/10/01","83.1400","9024665.0000","84.0200","84.0400","83.0300"
"2014/09/30","83.7400","8074700.0000","84.3400","84.3600","83.6800"
"2014/09/29","84.4400","6360039.0000","84.1100","84.4700","83.6600"
"2014/09/26","84.5800","5478006.0000","84.5400","84.7400","83.8600"
"2014/09/25","84.3300","8200924.0000","85.0200","85.1300","84.3300"
"2014/09/24","85.2400","11675050.0000","84.3300","85.4000","84.3300"
"2014/09/23","84.4400","7719472.0000","84.6500","84.9200","84.4400"
"2014/09/22","84.8100","8368742.0000","84.6400","84.9500","84.4900"
"2014/09/19","84.4700","11377400.0000","84.5200","84.7700","84.1800"
"2014/09/18","84.1900","5306613.0000","84.1800","84.4400","84.0730"
"2014/09/17","84.1600","8273804.0000","84.0200","84.5000","83.9300"
"2014/09/16","84.0800","7143763.0000","83.5800","84.4500","83.5600"
"2014/09/15","83.8700","7004681.0000","83.1800","84.2500","83.1400"
"2014/09/12","83.2600","6358495.0000","83.2100","83.3800","82.8600"
"2014/09/11","83.4900","6341589.0000","83.6100","83.7500","83.3700"
"2014/09/10","83.6400","6715314.0000","83.2000","83.9600","83.1500"
"2014/09/09","82.9900","5202881.0000","83.0500","83.2900","82.8300"
"2014/09/08","83.3200","4899594.0000","83.5700","83.6000","83.1300"
"2014/09/05","83.7700","5888938.0000","83.4400","83.8000","83.0650"
"2014/09/04","83.7000","7444213.0000","82.9200","83.7490","82.7800"
"2014/09/03","82.9000","5851775.0000","83.2600","83.4800","82.7700"
"2014/09/02","82.9800","5528857.0000","83.2100","83.4900","82.7100"
"2014/08/29","83.1100","4901303.0000","83.0900","83.1300","82.6000"
"2014/08/28","83.0300","4278732.0000","83.0200","83.2200","82.7600"
"2014/08/27","83.3100","4248318.0000","83.4300","83.6000","83.1601"
"2014/08/26","83.3800","5169103.0000","83.6100","83.8300","83.3300"
"2014/08/25","83.5400","5586758.0000","83.7400","83.8200","83.3100"
"2014/08/22","83.3900","6978484.0000","83.1600","83.6600","83.1400"
"2014/08/21","83.2800","7099801.0000","82.8000","83.4700","82.6900"
"2014/08/20","82.8100","4581229.0000","82.4600","82.9400","82.4600"
"2014/08/19","82.6900","6867656.0000","82.3500","82.8700","82.1200"
"2014/08/18","82.4400","8437749.0000","81.9900","82.8500","81.8100"
"2014/08/15","81.7800","7418410.0000","82.2300","82.2300","81.1800"
"2014/08/14","81.9500","5925827.0000","81.5900","82.0400","81.4350"
"2014/08/13","81.4800","5472167.0000","81.6400","81.7950","81.1100"
"2014/08/12","81.4200","6591201.0000","81.5000","81.8600","81.2100"
"2014/08/11","81.4800","8187978.0000","81.2300","81.8700","81.0300"
"2014/08/08","80.9500","6202900.0000","80.0500","81.0300","80.0400"
"2014/08/07","80.1400","7903960.0000","81.0200","81.1800","80.0100"
"2014/08/06","81.0900","12807330.0000","79.4000","81.3000","79.2700"
"2014/08/05","79.4100","7995884.0000","78.9900","79.7400","78.9800"
"2014/08/04","79.2200","12056040.0000","79.4600","79.4600","78.6600"
"2014/08/01","79.6500","18096440.0000","79.2500","80.6700","78.8300"
"2014/07/31","77.3200","11230290.0000","77.7600","78.0100","77.2900"
"2014/07/30","78.1600","8284893.0000","78.7000","79.0100","78.1400"
"2014/07/29","78.6500","6419565.0000","79.0900","79.5000","78.6500"
"2014/07/28","79.2600","6756207.0000","79.4100","79.6200","78.8500"
"2014/07/25","79.5600","6281087.0000","80.0200","80.1600","79.3700"
"2014/07/24","80.2600","5979804.0000","80.1200","80.3200","79.8500"
"2014/07/23","79.9900","5891217.0000","80.3300","80.5000","79.8150"
"2014/07/22","80.1000","6065951.0000","80.2900","80.5800","79.7700"
"2014/07/21","80.2800","4434293.0000","80.3300","80.3999","79.9500"
"2014/07/18","80.5500","6502396.0000","80.5500","80.7500","80.1600"
"2014/07/17","80.4000","5844616.0000","80.9900","81.2200","80.3900"
"2014/07/16","80.9400","8940537.0000","80.9000","81.2000","80.7500"
"2014/07/15","81.2600","9637625.0000","81.5100","81.5150","81.0900"
"2014/07/14","81.3200","6802013.0000","81.3600","81.7350","81.3000"
"2014/07/11","81.1600","7508874.0000","81.0600","81.5698","81.0000"
"2014/07/10","81.6100","8786288.0000","81.2700","81.9100","81.1900"
"2014/07/09","81.6700","12113080.0000","80.6600","81.8000","80.5000"
"2014/07/08","80.5600","9132156.0000","80.0300","80.8500","79.9100"
"2014/07/07","80.1900","6673585.0000","79.7500","80.2000","79.6600"
"2014/07/03","79.9800","5501056.0000","79.9300","80.1400","79.6350"
"2014/07/02","79.5600","6276604.0000","79.5600","79.8600","79.4400"
"2014/07/01","79.2800","8421177.0000","78.8700","79.4100","78.5050"
"2014/06/30","78.5900","10297740.0000","79.0100","79.4600","78.4300"
"2014/06/27","79.0200","8974764.0000","78.6000","79.1900","78.5200"
"2014/06/26","78.6200","7246348.0000","79.2400","79.2900","78.5900"
"2014/06/25","79.3200","12569260.0000","79.0400","79.3550","78.6500"
"2014/06/24","79.0100","8157255.0000","79.4200","79.4400","78.9150"
"2014/06/23","79.5200","6938894.0000","80.0600","80.0600","79.3600"
"2014/06/20","79.9300","11659760.0000","80.4400","80.5000","79.8250"
"2014/06/19","80.2400","12485120.0000","79.8500","80.5700","79.8000"
"2014/06/18","79.7900","9614222.0000","79.4400","79.9400","79.1300"
"2014/06/17","79.5800","5337262.0000","79.6100","79.7900","79.3500"
"2014/06/16","79.6900","5256033.0000","79.5200","79.9400","79.1100"
"2014/06/13","79.6400","5213978.0000","79.7300","79.9400","79.5000"
"2014/06/12","79.7600","6526807.0000","79.8200","80.0300","79.6900"
"2014/06/11","80.0600","7453733.0000","80.0500","80.3000","79.8800"
"2014/06/10","80.1500","5642792.0000","80.0300","80.3000","80.0000"
"2014/06/09","80.0900","6352506.0000","79.9100","80.2400","79.8500"
"2014/06/06","80.0300","5520545.0000","80.0900","80.2375","79.8200"
"2014/06/05","80.1100","5787679.0000","80.1100","80.3100","79.9700"
"2014/06/04","79.8600","5421537.0000","80.0000","80.2200","79.6401"
"2014/06/03","79.9300","6969764.0000","80.0400","80.3000","79.6000"
"2014/06/02","80.3600","4331701.0000","80.6600","80.6700","80.2900"
"2014/05/30","80.7900","7432956.0000","80.2500","80.8500","80.1700"
"2014/05/29","80.4000","3886779.0000","80.1000","80.4000","80.0800"
"2014/05/28","80.1000","4201167.0000","80.0300","80.2800","80.0200"
"2014/05/27","80.0800","7003831.0000","80.5500","80.5800","80.0500"
"2014/05/23","80.5200","4472635.0000","80.5100","80.8500","80.4000"
"2014/05/22","80.6500","5561082.0000","80.3700","80.6700","80.0500"
"2014/05/21","80.4900","6339764.0000","80.3400","80.6700","80.0200"
"2014/05/20","80.2300","7057177.0000","80.0200","80.5800","79.9700"
"2014/05/19","79.9300","6068058.0000","80.0100","80.0500","79.5400"
"2014/05/16","80.3300","11553930.0000","80.6300","80.7600","80.0000"
"2014/05/15","80.5300","9402103.0000","81.2500","81.3700","80.4400"
"2014/05/14","81.1700","6867249.0000","81.7400","81.9100","81.1200"
"2014/05/13","81.6100","6540018.0000","81.9400","81.9800","81.4200"
"2014/05/12","81.7300","7853781.0000","82.6100","82.7100","81.7100"
"2014/05/09","82.3900","7302872.0000","82.2000","82.8000","82.1400"
"2014/05/08","82.1600","4631207.0000","82.0600","82.3200","81.8200"
"2014/05/07","82.0900","6639514.0000","81.4500","82.1400","81.4200"
"2014/05/06","81.1300","4591267.0000","81.7600","81.7600","81.1200"
"2014/05/05","81.7000","4558630.0000","81.6400","81.8840","81.4700"
"2014/05/02","81.9200","6629211.0000","82.2200","82.6000","81.7500"
"2014/05/01","82.3400","5304998.0000","82.3900","82.4700","81.7600"
"2014/04/30","82.5500","6242620.0000","82.3900","82.7500","82.2375"
"2014/04/29","82.4400","7214281.0000","82.7500","82.9500","82.3600"
"2014/04/28","82.9400","11575680.0000","81.5400","82.9800","81.5100"
"2014/04/25","81.4100","7497404.0000","81.2000","81.5800","80.9700"
"2014/04/24","81.1500","9523197.0000","80.2600","81.3800","80.0100"
"2014/04/23","80.3600","9577465.0000","80.7200","80.7200","79.3800"
"2014/04/22","81.2500","9258917.0000","81.5400","81.6700","81.1500"
"2014/04/21","81.5600","6390941.0000","81.8100","81.8100","81.2900"
"2014/04/17","81.7600","8374663.0000","81.4700","81.8900","81.3400"
"2014/04/16","81.6500","8300706.0000","81.2800","81.8800","81.0300"
"2014/04/15","80.8400","9000827.0000","80.7900","81.0900","80.5200"
"2014/04/14","80.8100","7105587.0000","81.0000","81.2000","80.5100"
"2014/04/11","80.7600","11831390.0000","80.9800","81.6600","80.5000"
"2014/04/10","81.0900","12194300.0000","81.5800","82.1300","80.8900"
"2014/04/09","81.4900","11550710.0000","81.8000","82.2400","81.3200"
"2014/04/08","81.3500","11880730.0000","80.5100","81.3800","80.0200"
"2014/04/07","80.4900","13216300.0000","80.0200","81.0700","79.9300"
"2014/04/04","79.7700","8649567.0000","80.4700","80.5561","79.7500"
"2014/04/03","80.1000","5645980.0000","80.2800","80.5800","79.9300"
"2014/04/02","80.1300","6735931.0000","80.1900","80.3300","79.8000"
"2014/04/01","80.3400","8222327.0000","80.6000","80.8400","80.2100"
"2014/03/31","80.6000","8492787.0000","80.0000","80.8300","79.5500"
"2014/03/28","79.7600","6374994.0000","79.9400","80.3200","79.5200"
"2014/03/27","79.6500","8106449.0000","79.5500","80.4300","79.3800"
"2014/03/26","79.5000","8269811.0000","80.0300","80.1800","79.3300"
"2014/03/25","79.8100","8869821.0000","79.5200","79.9900","79.4400"
"2014/03/24","79.3000","11201290.0000","78.4950","79.8300","78.4700"
"2014/03/21","77.8800","21244400.0000","79.0400","79.7500","77.8800"
"2014/03/20","78.3200","8649602.0000","78.7000","78.9300","78.1549"
"2014/03/19","78.7800","8599419.0000","79.6800","79.9100","78.5100"
"2014/03/18","79.7700","7702150.0000","79.8400","80.0800","79.5099"
"2014/03/17","79.8400","8452119.0000","79.0200","79.9500","79.0200"
"2014/03/14","78.9800","14837740.0000","79.1000","79.2300","78.6700"
"2014/03/13","79.1900","9670788.0000","79.3200","79.7600","79.1900"
"2014/03/12","79.2400","7469348.0000","78.6600","79.4500","78.6200"
"2014/03/11","78.9500","6595759.0000","78.5900","79.3900","78.5700"
"2014/03/10","78.5300","5229867.0000","78.2900","78.5700","78.2000"
"2014/03/07","78.3800","5865398.0000","78.4100","78.5950","78.1100"
"2014/03/06","78.0600","6475573.0000","78.0400","78.4450","77.8400"
"2014/03/05","77.8200","8542262.0000","78.3200","78.4100","77.5500"
"2014/03/04","78.4500","8306923.0000","78.0900","78.7200","77.8950"
"2014/03/03","77.4800","8598592.0000","78.2600","78.4084","77.3500"
"2014/02/28","78.6600","8489637.0000","78.2400","78.9100","78.0055"
"2014/02/27","78.1900","6549833.0000","77.7700","78.2300","77.5550"
"2014/02/26","77.8600","7764656.0000","78.2300","78.7700","77.8200"
"2014/02/25","78.1200","8177466.0000","77.7300","78.3100","77.4000"
"2014/02/24","77.8600","7838696.0000","78.0300","78.7699","77.6100"
"2014/02/21","77.9700","8089241.0000","78.0500","78.8900","77.9100"
"2014/02/20","77.9200","8275210.0000","77.9600","78.4400","77.5000"
"2014/02/19","78.1400","8740018.0000","77.6400","78.9580","77.5500"
"2014/02/18","77.9700","15750720.0000","79.4800","79.6300","77.5600"
"2014/02/14","79.4000","10803130.0000","77.6900","79.7500","77.2500"
"2014/02/13","77.8000","7420620.0000","77.0900","77.9200","77.0000"
"2014/02/12","77.4900","11019660.0000","78.1300","78.5300","77.0600"
"2014/02/11","78.8400","10500820.0000","78.1000","79.1100","77.6440"
"2014/02/10","78.0300","8959745.0000","77.4300","78.0900","77.1900"
"2014/02/07","77.3100","7301369.0000","76.9900","77.3900","76.7500"
"2014/02/06","76.9000","7819691.0000","76.5300","76.9900","76.4800"
"2014/02/05","76.4500","9734108.0000","75.9400","76.8000","75.6700"
"2014/02/04","76.0900","12055370.0000","76.0000","76.3900","75.4000"
"2014/02/03","75.7000","14292750.0000","76.6900","76.7600","75.6000"
"2014/01/31","76.6200","12988760.0000","76.0300","77.1910","75.2600"
"2014/01/30","76.8700","9450544.0000","78.0500","78.0500","76.7700"
"2014/01/29","77.6400","13442930.0000","78.8000","78.8000","77.3800"
"2014/01/28","79.1100","10060790.0000","78.6700","79.5200","78.4300"
"2014/01/27","78.4700","10395370.0000","79.2400","79.2950","78.4200"
"2014/01/24","79.1800","20176100.0000","79.3300","81.7000","79.0500"
"2014/01/23","78.2400","12667720.0000","78.7100","78.9700","78.1200"
"2014/01/22","79.2300","8455602.0000","79.5700","79.8800","79.0500"
"2014/01/21","80.1800","13215480.0000","80.5900","80.7200","79.5400"
"2014/01/17","79.8800","13629810.0000","80.4200","80.6400","79.8000"
"2014/01/16","80.5600","11673310.0000","80.6500","80.8300","80.2600"
"2014/01/15","80.7900","8221868.0000","80.7000","81.1750","80.2500"
"2014/01/14","80.8700","8737136.0000","80.0600","80.9200","80.0200"
"2014/01/13","80.0100","9360768.0000","80.0100","80.5000","79.6900"
"2014/01/10","80.3000","8448328.0000","80.5900","80.8900","80.2000"
"2014/01/09","80.4200","10833860.0000","80.5400","80.8000","80.0300"
"2014/01/08","80.2400","13450960.0000","80.9700","81.1500","80.0500"
"2014/01/07","81.4200","7158171.0000","80.7100","81.5800","80.6200"
"2014/01/06","80.6400","7208223.0000","80.6100","80.9800","80.3000"
"2014/01/03","80.4500","6925572.0000","80.7600","80.8500","80.1850"
"2014/01/02","80.5400","6981721.0000","81.3300","81.3600","80.3200"
"2013/12/31","81.4100","5765343.0000","81.8300","82.0000","81.0900"
"2013/12/30","82.0000","4134042.0000","82.0000","82.0500","81.5700"
"2013/12/27","82.0100","4005988.0000","82.0900","82.4800","81.8600"
"2013/12/26","81.7600","5347042.0000","81.4900","81.8900","81.2900"
"2013/12/24","81.3100","2899142.0000","81.3300","81.6100","81.2500"
"2013/12/23","81.3100","8653642.0000","82.1400","82.1400","81.0099"
"2013/12/20","81.8400","13206080.0000","81.9800","82.5400","81.8200"
"2013/12/19","81.9000","6442641.0000","81.9800","82.2900","81.5100"
"2013/12/18","82.3800","12035330.0000","81.2100","82.4200","80.4800"
"2013/12/17","80.9100","11404100.0000","81.7900","81.8500","80.6950"
"2013/12/16","81.6900","8838828.0000","82.7200","83.0700","81.6000"
"2013/12/13","82.3700","7441610.0000","82.3200","82.4600","81.5600"
"2013/12/12","82.3000","10157840.0000","83.8200","83.8700","81.9300"
"2013/12/11","84.0200","9787845.0000","83.7400","84.5000","83.6100"
"2013/12/10","83.6500","7373347.0000","84.4100","84.4300","83.4300"
"2013/12/09","84.7800","7395260.0000","84.4800","84.9400","84.3400"
"2013/12/06","84.5200","7189396.0000","83.2300","84.5300","83.1700"
"2013/12/05","82.6900","8186604.0000","83.3900","83.4500","82.3000"
"2013/12/04","83.3500","6790175.0000","83.3800","83.4900","82.5900"
"2013/12/03","83.8300","7533242.0000","83.3000","84.0000","83.2300"
"2013/12/02","83.3400","7497468.0000","84.0400","84.1500","83.1000"
"2013/11/29","84.2200","4954483.0000","84.7700","85.2100","84.1500"
"2013/11/27","84.2800","4905048.0000","84.8800","84.8900","84.0200"
"2013/11/26","84.6400","7111628.0000","85.2000","85.7600","84.6400"
"2013/11/25","85.4100","9659768.0000","84.9600","85.8200","84.8500"
"2013/11/22","84.9500","7436183.0000","84.5300","85.0000","84.2300"
"2013/11/21","84.6700","7287711.0000","84.8400","84.8900","84.5100"
"2013/11/20","84.6900","7680871.0000","84.3100","84.9800","84.2400"
"2013/11/19","84.3400","7924211.0000","84.3100","84.5900","84.2100"
"2013/11/18","84.5700","8507338.0000","84.7900","84.9400","84.1800"
"2013/11/15","84.8400","9664745.0000","84.1700","84.9200","84.1600"
"2013/11/14","84.3200","7580546.0000","83.4300","84.4600","83.4250"
"2013/11/13","83.5000","7574885.0000","82.5700","83.5000","82.4600"
"2013/11/12","82.8000","8201719.0000","82.2300","83.0400","82.1200"
"2013/11/11","82.2600","6173611.0000","82.3500","82.6800","82.0200"
"2013/11/08","82.5100","9768364.0000","82.2800","82.5700","81.6700"
"2013/11/07","82.3200","10087690.0000","82.9100","83.1000","82.1100"
"2013/11/06","82.8100","9518391.0000","81.6400","83.1000","81.3300"
"2013/11/05","81.4300","4949295.0000","81.1300","81.7400","80.8500"
"2013/11/04","81.3300","5460057.0000","81.4600","81.7300","80.9100"
"2013/11/01","81.1500","6802298.0000","80.6800","81.3350","80.6400"
"2013/10/31","80.7500","7786770.0000","81.2000","81.6000","80.7200"
"2013/10/30","81.5200","6490020.0000","82.5300","82.5600","81.2300"
"2013/10/29","82.4600","9482890.0000","81.4600","82.6200","81.1000"
"2013/10/28","81.3000","9792814.0000","80.1100","81.8600","79.9500"
"2013/10/25","80.0000","9606454.0000","80.5500","80.7200","79.5100"
"2013/10/24","80.6100","7412149.0000","80.7700","80.9500","80.2500"
"2013/10/23","80.9100","8960693.0000","80.3400","81.2450","80.2500"
"2013/10/22","80.3800","9558428.0000","79.3100","80.6150","79.2750"
"2013/10/21","78.9700","6456245.0000","79.2700","79.3190","78.4400"
"2013/10/18","79.4100","7940526.0000","79.3900","79.5700","78.7800"
"2013/10/17","79.4200","8671299.0000","78.1900","79.4700","77.9800"
"2013/10/16","78.3400","6538524.0000","77.3500","78.4900","77.2600"
"2013/10/15","77.6000","11192530.0000","78.3800","78.6100","77.4400"
"2013/10/14","78.7400","6326138.0000","78.0100","78.7950","77.9300"
"2013/10/11","78.4800","6075351.0000","78.0000","78.4900","77.8050"
"2013/10/10","77.8900","10121910.0000","77.4100","77.9200","77.1500"
"2013/10/09","76.9500","8470729.0000","76.5800","77.1600","76.1000"
"2013/10/08","76.3300","9656617.0000","76.3900","76.9950","76.0500"
"2013/10/07","75.6500","6373266.0000","75.6600","76.1000","75.4800"
"2013/10/04","76.0200","4984717.0000","75.9800","76.1200","75.5145"
"2013/10/03","75.8400","9251589.0000","75.8900","76.1400","75.2000"
"2013/10/02","75.9300","8522945.0000","75.9100","76.1400","75.4200"
"2013/10/01","76.1600","8076092.0000","75.5200","76.5000","75.4400"
"2013/09/30","75.5900","15028270.0000","76.8000","77.1600","75.3500"
"2013/09/27","77.2100","6551336.0000","77.7500","77.7500","76.7700"
"2013/09/26","78.0500","4632610.0000","77.9100","78.1400","77.6200"
"2013/09/25","77.7200","7568668.0000","78.8400","79.0000","77.7100"
"2013/09/24","78.6200","7494576.0000","78.9650","79.4800","78.5900"
"2013/09/23","79.2800","6304870.0000","79.2000","79.5800","78.6700"
"2013/09/20","79.3900","11146120.0000","80.0900","80.1800","79.3900"
"2013/09/19","80.1200","8145878.0000","80.5000","80.5300","79.7850"
"2013/09/18","80.2950","10372100.0000","79.0600","80.4800","78.5300"
"2013/09/17","79.8300","5457730.0000","79.9600","80.2500","79.6400"
"2013/09/16","80.1600","7557605.0000","79.7200","80.2100","79.7100"
"2013/09/13","79.0500","4894112.0000","78.4400","79.1800","78.4100"
"2013/09/12","78.2600","6944863.0000","78.4000","78.8000","78.1700"
"2013/09/11","78.2700","7049758.0000","77.2600","78.2700","77.2500"
"2013/09/10","77.9500","6650203.0000","78.5000","78.6400","77.7825"
"2013/09/09","78.1600","6089257.0000","77.3700","78.2000","77.3700"
"2013/09/06","77.1500","6977354.0000","77.1200","77.6100","76.4000"
"2013/09/05","77.1400","7163200.0000","77.5800","77.6300","76.8310"
"2013/09/04","77.4900","6031264.0000","77.5200","77.7500","77.1200"
"2013/09/03","77.7500","6743818.0000","78.2700","78.4200","77.4400"
"2013/08/30","77.8900","9039085.0000","77.5300","78.0700","73.6100"
"2013/08/29","77.3100","5960884.0000","76.7600","77.8400","76.4200"
"2013/08/28","76.8500","9008484.0000","77.8600","77.8600","76.8500"
"2013/08/27","77.9700","7052354.0000","77.8700","78.3600","77.3300"
"2013/08/26","78.5400","6384214.0000","79.9200","79.9800","78.5300"
"2013/08/23","80.0100","5228946.0000","79.8700","80.0700","79.5900"
"2013/08/22","79.7700","6274357.0000","79.3000","80.0500","78.8700"
"2013/08/21","79.3800","7390855.0000","79.5000","80.1200","79.0453"
"2013/08/20","79.5300","5172391.0000","79.7200","80.1000","79.2800"
"2013/08/19","79.5900","5947927.0000","79.6400","80.0900","79.4200"
"2013/08/16","79.9000","9451584.0000","80.2700","80.4850","79.0600"
"2013/08/15","80.4800","7415297.0000","80.9600","81.0800","80.1650"
"2013/08/14","81.2500","5167522.0000","81.6700","81.7800","81.1900"
"2013/08/13","81.6600","4936360.0000","81.7800","81.9900","81.3300"
"2013/08/12","81.6200","4922205.0000","81.2300","81.7300","81.0400"
"2013/08/09","81.6400","6127210.0000","81.9200","82.0600","81.1900"
"2013/08/08","82.1700","6207933.0000","82.1100","82.4000","81.5100"
"2013/08/07","81.9600","5828509.0000","81.4100","82.2100","81.3800"
"2013/08/06","81.7400","6212547.0000","81.3000","81.9700","81.3000"
"2013/08/05","81.4000","4662795.0000","81.0500","81.6500","80.9600"
"2013/08/02","81.2900","6588772.0000","81.4200","81.5000","80.5615"
"2013/08/01","81.6400","10724390.0000","81.6200","82.2300","81.2100"
"2013/07/31","80.3000","11856950.0000","80.4400","81.4100","80.1600"
"2013/07/30","80.4400","6434115.0000","80.4900","80.9000","80.1550"
"2013/07/29","80.0900","4389416.0000","80.1000","80.4500","80.0500"
"2013/07/26","80.3900","6543856.0000","80.0200","80.4200","79.3900"
"2013/07/25","80.4100","6239836.0000","80.0100","80.5700","79.8400"
"2013/07/24","80.2700","5607942.0000","80.9500","81.0000","80.1300"
"2013/07/23","80.9500","4311045.0000","81.2200","81.4010","80.7800"
"2013/07/22","81.2200","4813662.0000","81.2300","81.4500","80.9000"
"2013/07/19","81.3700","7863205.0000","80.3600","81.4100","80.0500"
"2013/07/18","80.3000","5525915.0000","80.0300","80.7500","80.0300"
"2013/07/17","80.0900","7645591.0000","80.4900","80.8500","80.0100"
"2013/07/16","80.9700","11208510.0000","81.3200","81.3700","80.9100"
"2013/07/15","81.5100","10025180.0000","81.3700","81.5900","80.8450"
"2013/07/12","81.5500","12587840.0000","80.6700","81.6400","80.6700"
"2013/07/11","80.7700","9185540.0000","80.5500","80.9900","80.2900"
"2013/07/10","79.8000","6906045.0000","79.6500","80.1000","79.3000"
"2013/07/09","79.5700","11458300.0000","79.0700","79.9000","79.0700"
"2013/07/08","78.7600","11153690.0000","78.5400","79.0799","78.5000"
"2013/07/05","78.3400","7265770.0000","78.8900","79.0200","77.7800"
"2013/07/03","78.5700","5347846.0000","78.2800","78.7500","77.4301"
"2013/07/02","78.4400","10228900.0000","77.9500","78.6100","77.7100"
"2013/07/01","78.0200","6699595.0000","77.0200","78.4500","77.0000"
"2013/06/28","76.9900","9868254.0000","77.6200","77.9400","76.9000"
"2013/06/27","77.6700","14731880.0000","77.9600","78.3800","77.5700"
"2013/06/26","77.4000","7329239.0000","77.2300","77.5900","77.0200"
"2013/06/25","76.6900","7911690.0000","77.1000","77.2400","76.2900"
"2013/06/24","76.5800","12563450.0000","76.9500","77.4300","75.6300"
"2013/06/21","77.4300","20058300.0000","76.2500","77.5300","75.6900"
"2013/06/20","75.2500","15557190.0000","77.2100","77.3300","75.1000"
"2013/06/19","77.6100","7424500.0000","79.0500","79.4700","77.5900"
"2013/06/18","79.0400","6050480.0000","78.9500","79.2300","78.7000"
"2013/06/17","78.9600","7363260.0000","78.2600","79.4700","78.2500"
"2013/06/14","78.0300","6825874.0000","78.4900","78.7900","77.6700"
"2013/06/13","78.4300","6857075.0000","77.5400","78.6900","77.1400"
"2013/06/12","77.6000","7834172.0000","78.6400","78.8900","77.4800"
"2013/06/11","78.1200","6781138.0000","77.6800","78.7500","77.4500"
"2013/06/10","78.0700","8967455.0000","77.6900","78.2200","77.2600"
"2013/06/07","77.7500","7839474.0000","77.4400","78.2800","77.2700"
"2013/06/06","76.8200","11100000.0000","76.5600","76.9700","75.8300"
"2013/06/05","76.6600","8826570.0000","77.0800","77.2150","76.6300"
"2013/06/04","77.3700","11379260.0000","77.7100","78.4700","76.7500"
"2013/06/03","77.6600","11722190.0000","76.8700","77.7000","76.1200"
"2013/05/31","76.7600","16461050.0000","78.7900","78.8100","76.7525"
"2013/05/30","79.0900","14761290.0000","78.9000","79.8800","78.9000"
"2013/05/29","78.9000","9992413.0000","80.1600","80.2500","78.8700"
"2013/05/28","80.8600","14373220.0000","82.0500","82.1300","80.7700"
"2013/05/24","81.8800","25580540.0000","81.8800","82.3500","81.4400"
"2013/05/23","78.7000","7109033.0000","78.2700","79.1100","78.2300"
"2013/05/22","78.8200","8655139.0000","78.8400","79.6800","78.6200"
"2013/05/21","78.8000","7377650.0000","79.1700","79.2200","78.2200"
"2013/05/20","79.0900","7307256.0000","79.9800","79.9800","78.7800"
"2013/05/17","80.0200","8550094.0000","79.9100","80.1800","79.3050"
"2013/05/16","80.2000","8065580.0000","80.4900","80.7350","79.8900"
"2013/05/15","80.6800","11153850.0000","79.4700","81.0000","79.4700"
"2013/05/14","79.4700","6871108.0000","78.9300","79.4700","78.7400"
"2013/05/13","78.5900","5420181.0000","78.5100","78.9700","78.4200"
"2013/05/10","78.7600","6163414.0000","78.4100","78.7900","78.2300"
"2013/05/09","78.2100","7188800.0000","78.5700","78.8900","78.0200"
"2013/05/08","78.4400","12067290.0000","77.9000","78.5100","77.2300"
"2013/05/07","77.9400","9574092.0000","77.9800","78.2000","77.2700"
"2013/05/06","77.7500","7204194.0000","78.0300","78.4000","77.5200"
"2013/05/03","78.1900","7884967.0000","78.1000","78.4600","77.6600"
"2013/05/02","77.7600","7288002.0000","77.3900","78.2800","77.1400"
"2013/05/01","76.9900","8388710.0000","76.8300","77.7700","76.7200"
"2013/04/30","76.7700","9655584.0000","77.8600","77.8900","76.6000"
"2013/04/29","77.6800","6622787.0000","77.5600","77.9800","77.2300"
"2013/04/26","77.1000","8769151.0000","76.7200","77.2200","76.5800"
"2013/04/25","76.5800","14703010.0000","77.6700","77.6700","76.3500"
"2013/04/24","77.1200","25685560.0000","79.4900","79.6100","76.9300"
"2013/04/23","82.5400","12678340.0000","81.4600","82.5400","80.5100"
"2013/04/22","81.4000","7530605.0000","81.3100","81.5900","81.1200"
"2013/04/19","81.4300","13147600.0000","80.3700","81.7000","80.2000"
"2013/04/18","79.8700","10895840.0000","79.0900","80.1799","79.0600"
"2013/04/17","79.0600","10963900.0000","79.9800","80.1400","78.8500"
"2013/04/16","80.1000","9366412.0000","79.8300","80.2100","79.3700"
"2013/04/15","79.6500","10877110.0000","79.7900","80.8400","79.6000"
"2013/04/12","80.0800","9383865.0000","79.5100","80.6600","79.4700"
"2013/04/11","79.6700","11832450.0000","79.3700","80.1300","79.3300"
"2013/04/10","79.2400","7947900.0000","78.4900","79.4900","78.4300"
"2013/04/09","78.2600","6760554.0000","78.8200","78.8900","78.0700"
"2013/04/08","78.7900","6214027.0000","78.1200","78.8800","77.8800"
"2013/04/05","78.2300","6565480.0000","77.8800","78.3950","77.8300"
"2013/04/04","78.5400","8770319.0000","78.3200","78.9800","78.2500"
"2013/04/03","78.1200","8426449.0000","78.8800","79.0800","77.8400"
"2013/04/02","78.9600","13374300.0000","77.8400","79.1500","77.6500"
"2013/04/01","77.7000","7268049.0000","76.8500","77.8500","76.7300"
"2013/03/28","77.0600","8017630.0000","76.9500","77.1600","76.6600"
"2013/03/27","77.0600","5274497.0000","76.9800","77.1050","76.5700"
"2013/03/26","77.4000","5387106.0000","77.0200","77.5000","76.8910"
"2013/03/25","76.6800","6843553.0000","77.2700","77.6200","76.4400"
"2013/03/22","77.2700","5868393.0000","77.1800","77.4500","77.0050"
"2013/03/21","77.2100","6320651.0000","77.4200","77.6700","77.1400"
"2013/03/20","77.5800","8615706.0000","77.2900","77.8200","77.2710"
"2013/03/19","77.1100","9295808.0000","76.1400","77.1800","76.1100"
"2013/03/18","76.1600","7081774.0000","75.9000","76.5500","75.8000"
"2013/03/15","76.3400","15238770.0000","77.0800","77.3800","76.3400"
"2013/03/14","77.3900","8083257.0000","76.8700","77.4750","76.8300"
"2013/03/13","76.8000","6339460.0000","77.0700","77.1000","76.5200"
"2013/03/12","77.1700","7016698.0000","77.1900","77.4500","77.0000"
"2013/03/11","77.3500","6621712.0000","77.0200","77.3900","76.9000"
"2013/03/08","77.1800","7257183.0000","77.0100","77.2000","76.4600"
"2013/03/07","76.9000","7111315.0000","77.2200","77.4900","76.7800"
"2013/03/06","77.2000","7196031.0000","77.0100","77.4500","76.8100"
"2013/03/05","77.0500","9716753.0000","76.7800","77.3950","76.7200"
"2013/03/04","76.6800","7543777.0000","76.2500","76.6800","75.9700"
"2013/03/01","76.4900","9553868.0000","75.7000","76.7200","75.5600"
"2013/02/28","76.1800","10472030.0000","76.6600","76.9100","76.1700"
"2013/02/27","76.7500","7568886.0000","75.9500","76.9500","75.7000"
"2013/02/26","76.0800","8360136.0000","75.9900","76.3800","75.7700"
"2013/02/25","75.9200","9970631.0000","77.0700","77.6700","75.9200"
"2013/02/22","76.9900","8433393.0000","77.0500","77.1900","76.7530"
"2013/02/21","77.0400","10305120.0000","76.2800","77.2000","75.9000"
"2013/02/20","77.0800","9276578.0000","77.2700","77.5200","76.9200"
"2013/02/19","77.3800","11783460.0000","76.5600","77.7650","76.4900"
"2013/02/15","76.5400","11167270.0000","76.7200","76.9600","76.2150"
"2013/02/14","76.7800","10049120.0000","76.3000","76.9700","76.2500"
"2013/02/13","76.5600","7113555.0000","76.0100","76.5800","75.9800"
"2013/02/12","75.9800","6280895.0000","75.9600","76.3100","75.8100"
"2013/02/11","75.8100","6928133.0000","75.4100","75.9200","75.1200"
"2013/02/08","75.7500","9130959.0000","76.1500","76.4800","75.5600"
"2013/02/07","76.1500","9897722.0000","75.9800","76.4200","75.7900"
"2013/02/06","76.1500","17015200.0000","75.3200","76.1900","75.0400"
"2013/02/05","75.7000","14852540.0000","75.4400","76.6900","75.3200"
"2013/02/04","75.2500","11086000.0000","75.6900","75.8000","74.9498"
"2013/02/01","75.9200","12203780.0000","75.3000","75.9700","75.1700"
"2013/01/31","75.1600","11660220.0000","74.8300","75.2600","74.6700"
"2013/01/30","75.0800","12682010.0000","74.7500","75.4800","74.6700"
"2013/01/29","75.0000","17576770.0000","73.5500","75.3100","73.5200"
"2013/01/28","73.7700","14009620.0000","73.7300","74.2300","73.1900"
"2013/01/25","73.2500","28756000.0000","71.7500","73.2500","71.7500"
"2013/01/24","70.4200","8877135.0000","70.6800","70.8500","70.2000"
"2013/01/23","70.6900","10588210.0000","69.8400","70.7000","69.8000"
"2013/01/22","69.9500","8314038.0000","69.8600","69.9800","69.7500"
"2013/01/18","69.9400","10617820.0000","69.6900","69.9950","69.6710"
"2013/01/17","69.6700","6263901.0000","69.5600","69.9600","69.3400"
"2013/01/16","69.3400","7060975.0000","69.4200","69.7000","69.1100"
"2013/01/15","69.8800","7562970.0000","69.1600","69.9600","69.1500"
"2013/01/14","69.6300","11570650.0000","69.3100","69.9750","69.2300"
"2013/01/11","69.2200","12193440.0000","69.3000","69.3000","69.0100"
"2013/01/10","69.2700","12855000.0000","68.9800","69.2900","68.6850"
"2013/01/09","68.8800","5762881.0000","68.7700","69.1100","68.6100"
"2013/01/08","68.5100","7362268.0000","68.5200","68.7300","68.4000"
"2013/01/07","68.6200","5265708.0000","68.9200","68.9200","68.3800"
"2013/01/04","69.0900","5853421.0000","69.0100","69.1700","68.6750"
"2013/01/03","68.9500","7741978.0000","69.4400","69.5000","68.9400"
"2013/01/02","69.3900","9987848.0000","68.6500","69.3900","68.3500"
"2012/12/31","67.8900","9061589.0000","67.0000","67.9700","66.8300"
"2012/12/28","67.1500","6462539.0000","67.7300","67.9100","67.0600"
"2012/12/27","67.9700","7648595.0000","67.8800","68.1600","67.4100"
"2012/12/26","68.0000","6936987.0000","68.5700","68.5900","67.7000"
"2012/12/24","68.5200","3580123.0000","68.6700","68.6900","68.2400"
"2012/12/21","68.7200","17743910.0000","69.4300","69.8200","68.3800"
"2012/12/20","69.8200","10177740.0000","69.3000","70.2500","69.3000"
"2012/12/19","69.3400","10304740.0000","69.7600","69.9900","68.7700"
"2012/12/18","69.9700","13552470.0000","69.8900","70.2800","69.4300"
"2012/12/17","69.9300","8758307.0000","69.9500","70.1470","69.6200"
"2012/12/14","69.9300","8997447.0000","69.9200","70.4700","69.7800"
"2012/12/13","70.1300","8478239.0000","70.5500","70.6400","69.9000"
"2012/12/12","70.7600","8405745.0000","70.7600","70.9900","70.6100"
"2012/12/11","70.6600","9298121.0000","70.2900","70.9700","70.1400"
"2012/12/10","70.2200","8124045.0000","70.1200","70.4200","70.0300"
"2012/12/07","70.2900","11590900.0000","69.8500","70.6600","69.8500"
"2012/12/06","69.9500","10686820.0000","69.4800","70.2400","69.4400"
"2012/12/05","69.4100","7622350.0000","69.4800","69.8800","69.0800"
"2012/12/04","69.3100","6634805.0000","69.5000","69.8500","69.0700"
"2012/12/03","69.5800","7404522.0000","69.8400","69.9300","69.5000"
"2012/11/30","69.8300","8886972.0000","69.3700","69.8900","69.3700"
"2012/11/29","69.5000","8783793.0000","69.4100","69.8000","69.1300"
"2012/11/28","69.4400","11255690.0000","69.0000","69.7400","68.9000"
"2012/11/27","68.9900","8152478.0000","69.2000","69.4800","68.9100"
"2012/11/26","69.4800","7493513.0000","69.1400","69.5650","69.0500"
"2012/11/23","69.5900","4598159.0000","68.7500","69.6100","68.7100"
"2012/11/21","68.4700","6201379.0000","68.1600","68.5000","67.9700"
"2012/11/20","68.3000","7611575.0000","67.8100","68.4900","67.7600"
"2012/11/19","67.9200","8740102.0000","66.9900","67.9200","66.8600"
"2012/11/16","66.8200","11354180.0000","66.3600","66.9700","66.1400"
"2012/11/15","66.3200","9290579.0000","66.7600","67.0000","65.8300"
"2012/11/14","66.5300","9679738.0000","66.8900","67.0600","66.2900"
"2012/11/13","66.8500","6769716.0000","66.7700","67.6000","66.7700"
"2012/11/12","67.0800","4371289.0000","67.1500","67.3999","66.9100"
"2012/11/09","67.0100","8147622.0000","66.8300","67.4600","66.7610"
"2012/11/08","66.9100","7917627.0000","67.9800","68.0900","66.9000"
"2012/11/07","68.0600","8849525.0000","68.8200","68.8700","67.7901"
"2012/11/06","68.9300","6639797.0000","68.6000","69.0000","68.3600"
"2012/11/05","68.6700","6525654.0000","69.2200","69.2200","68.3500"
